﻿<?xml version="1.0" encoding="utf-8"?>
<deployment>
  <id>d60813468cee423b803a24de848573ac</id>
  <author>N/A</author>
  <deployer>OneDeploy</deployer>
  <authorEmail>N/A</authorEmail>
  <message>OneDeploy</message>
  <progress></progress>
  <status>Success</status>
  <statusText></statusText>
  <lastSuccessEndTime>2025-10-26T10:12:16.1699407Z</lastSuccessEndTime>
  <receivedTime>2025-10-26T10:12:15.2480353Z</receivedTime>
  <startTime>2025-10-26T10:12:15.3886626Z</startTime>
  <endTime>2025-10-26T10:12:16.1699407Z</endTime>
  <complete>True</complete>
  <is_temp>False</is_temp>
  <is_readonly>True</is_readonly>
  <project_type>Run-From-Zip</project_type>
  <vsproject_id></vsproject_id>
</deployment>