﻿<?xml version="1.0" encoding="utf-8"?>
<deployment>
  <id>4bc4e13a67994769a074a057589532bc</id>
  <author>N/A</author>
  <deployer>OneDeploy</deployer>
  <authorEmail>N/A</authorEmail>
  <message>OneDeploy</message>
  <progress></progress>
  <status>Success</status>
  <statusText></statusText>
  <lastSuccessEndTime>2025-10-26T08:35:18.0474841Z</lastSuccessEndTime>
  <receivedTime>2025-10-26T08:34:53.1070155Z</receivedTime>
  <startTime>2025-10-26T08:34:53.2945226Z</startTime>
  <endTime>2025-10-26T08:35:18.0474841Z</endTime>
  <complete>True</complete>
  <is_temp>False</is_temp>
  <is_readonly>True</is_readonly>
  <project_type>OneDeploy</project_type>
  <vsproject_id></vsproject_id>
</deployment>