﻿<?xml version="1.0" encoding="utf-8"?>
<deployment>
  <id>92c0e1bcdfc8422687dc0f3db455fad6</id>
  <author>N/A</author>
  <deployer>OneDeploy</deployer>
  <authorEmail>N/A</authorEmail>
  <message>OneDeploy</message>
  <progress></progress>
  <status>Success</status>
  <statusText></statusText>
  <lastSuccessEndTime>2025-10-26T09:49:55.5201231Z</lastSuccessEndTime>
  <receivedTime>2025-10-26T09:49:54.3317424Z</receivedTime>
  <startTime>2025-10-26T09:49:54.7536482Z</startTime>
  <endTime>2025-10-26T09:49:55.5201231Z</endTime>
  <complete>True</complete>
  <is_temp>False</is_temp>
  <is_readonly>True</is_readonly>
  <project_type>Run-From-Zip</project_type>
  <vsproject_id></vsproject_id>
</deployment>