﻿<?xml version="1.0" encoding="utf-8"?>
<deployment>
  <id>b6c1fdb83cdb4715bcef6a76b8598f2e</id>
  <author>N/A</author>
  <deployer>OneDeploy</deployer>
  <authorEmail>N/A</authorEmail>
  <message>OneDeploy</message>
  <progress></progress>
  <status>Success</status>
  <statusText></statusText>
  <lastSuccessEndTime>2025-10-26T09:09:39.3658231Z</lastSuccessEndTime>
  <receivedTime>2025-10-26T09:09:38.4595558Z</receivedTime>
  <startTime>2025-10-26T09:09:38.6314261Z</startTime>
  <endTime>2025-10-26T09:09:39.3658231Z</endTime>
  <complete>True</complete>
  <is_temp>False</is_temp>
  <is_readonly>True</is_readonly>
  <project_type>Run-From-Zip</project_type>
  <vsproject_id></vsproject_id>
</deployment>