<step title="BackgroundTrace" date="2025-10-26T07:25:18.984" instance="79f58c" url="/api/publish" method="POST" >
  <step title="Updating shutdown sentinel last write time" date="2025-10-26T07:25:18.984" SemaphoreCount="7" /><!-- duration: 16ms -->
  <step title="LockFile &apos;C:\home\site\locks\deployments.lock&apos; acquired" date="2025-10-26T07:25:19.000" /><!-- duration: 0ms -->
  <step title="Creating temporary deployment" date="2025-10-26T07:25:19.016" /><!-- duration: 47ms -->
  <step title="Performing fetch based deployment" date="2025-10-26T07:25:19.078" >
    <step title="Fetching changes." date="2025-10-26T07:25:19.141" /><!-- duration: 16ms -->
    <step title="Starting LocalZipHandler" date="2025-10-26T07:25:19.172" /><!-- duration: 0ms -->
    <step title="Cleaning up temp folders from previous zip deployments and extracting pushed zip file C:\local\Temp\zipdeploy\y1qpawnx.zip (23.60 MB) to C:\local\Temp\zipdeploy\extracted" date="2025-10-26T07:25:19.203" /><!-- duration: 0ms -->
    <step title="Cleaning up temp folders from previous zip deployments and extracting pushed zip file C:\local\Temp\zipdeploy\y1qpawnx.zip (23.60 MB) to C:\local\Temp\zipdeploy\extracted" date="2025-10-26T07:25:19.219" >
      <step title="Extracting 3210 entries to C:\local\Temp\zipdeploy\extracted directory" date="2025-10-26T07:25:19.250" >
        <step title="Extracting to C:\local\Temp\zipdeploy\extracted\App.tsx ..." date="2025-10-26T07:25:19.250" /><!-- duration: 16ms -->
        <step title="Extracting to C:\local\Temp\zipdeploy\extracted\README.md ..." date="2025-10-26T07:25:19.281" /><!-- duration: 0ms -->
        <step title="Extracting to C:\local\Temp\zipdeploy\extracted\index.html ..." date="2025-10-26T07:25:19.281" /><!-- duration: 16ms -->
        <step title="Extracting to C:\local\Temp\zipdeploy\extracted\index.tsx ..." date="2025-10-26T07:25:19.297" /><!-- duration: 0ms -->
        <step title="Extracting to C:\local\Temp\zipdeploy\extracted\metadata.json ..." date="2025-10-26T07:25:19.297" /><!-- duration: 16ms -->
        <step title="Omitting extracting file traces ..." date="2025-10-26T07:25:19.312" /><!-- duration: 16ms -->
      </step><!-- duration: 2328ms -->
    </step><!-- duration: 2359ms -->
    <step title="Before sending BuildRequestReceived status to /api/updatedeploystatus" date="2025-10-26T07:25:21.594" /><!-- duration: 0ms -->
    <step title="DeploymentManager.Deploy(id:1815760954ce4f9d95ca0df0c49d3386)" date="2025-10-26T07:25:21.609" >
      <step title="Collecting changeset information" date="2025-10-26T07:25:21.625" /><!-- duration: 31ms -->
      <step title="Updating submodules" date="2025-10-26T07:25:21.672" >
        <step title="Updating submodules." date="2025-10-26T07:25:21.719" /><!-- duration: 0ms -->
      </step><!-- duration: 47ms -->
      <step title="Preparing deployment for commit id &apos;1815760954&apos;." date="2025-10-26T07:25:21.781" /><!-- duration: 0ms -->
      <step title="Determining deployment builder" date="2025-10-26T07:25:21.828" >
        <step title="Builder is OneDeployBuilder" date="2025-10-26T07:25:21.828" /><!-- duration: 16ms -->
      </step><!-- duration: 16ms -->
      <step title="Copying SSH keys" date="2025-10-26T07:25:21.859" /><!-- duration: 16ms -->
      <step title="Building" date="2025-10-26T07:25:21.875" >
        <step title="Running build. Project type: OneDeploy" date="2025-10-26T07:25:21.922" /><!-- duration: 0ms -->
        <step title="Copying the manifest" date="2025-10-26T07:25:21.969" /><!-- duration: 16ms -->
        <step title="Clean deploying to C:\home\site\wwwroot" date="2025-10-26T07:25:22.031" /><!-- duration: 16ms -->
        <step title="Generating deployment script." date="2025-10-26T07:25:22.094" /><!-- duration: 0ms -->
        <step title="Generating deployment script" date="2025-10-26T07:25:22.094" >
          <step title="Using the following command to generate deployment script: &apos;azure site deploymentscript -y --no-dot-deployment -r &quot;C:\local\Temp\zipdeploy\extracted&quot; -o &quot;C:\home\site\deployments\tools&quot; --basic --sitePath &quot;C:\local\Temp\zipdeploy\extracted&quot;&apos;." date="2025-10-26T07:25:22.156" /><!-- duration: 16ms -->
          <step title="Executing external process" date="2025-10-26T07:25:22.172" type="process" path="starter.cmd" arguments="&quot;C:\Program Files (x86)\SiteExtensions\Kudu\2025.09.1.1\bin\node_modules\.bin\kuduscript.cmd&quot; -y --no-dot-deployment -r &quot;C:\local\Temp\zipdeploy\extracted&quot; -o &quot;C:\home\site\deployments\tools&quot; --basic --sitePath &quot;C:\local\Temp\zipdeploy\extracted&quot;" >
            <step title="Generating deployment script for Web Site" date="2025-10-26T07:25:22.281" /><!-- duration: 16ms -->
            <step title="Generated deployment script files" date="2025-10-26T07:25:22.297" /><!-- duration: 16ms -->
          </step><!-- duration: 141ms -->
          <step title="Saved cached version of the deployment script for command -y --no-dot-deployment -r &quot;C:\local\Temp\zipdeploy\extracted&quot; -o &quot;C:\home\site\deployments\tools&quot; --basic --sitePath &quot;C:\local\Temp\zipdeploy\extracted&quot;" date="2025-10-26T07:25:22.328" /><!-- duration: 0ms -->
        </step><!-- duration: 234ms -->
        <step title="Running deployment command..." date="2025-10-26T07:25:22.375" /><!-- duration: 16ms -->
        <step title="Command: &quot;C:\home\site\deployments\tools\deploy.cmd&quot;" date="2025-10-26T07:25:22.391" /><!-- duration: 16ms -->
        <step title="Executing external process" date="2025-10-26T07:25:22.406" type="process" path="starter.cmd" arguments="&quot;C:\home\site\deployments\tools\deploy.cmd&quot;" >
          <step title="Handling Basic Web Site deployment." date="2025-10-26T07:25:22.531" /><!-- duration: 16ms -->
          <step title="Creating app_offline.htm" date="2025-10-26T07:25:22.938" /><!-- duration: 16ms -->
          <step title="KuduSync.NET from: &apos;C:\local\Temp\zipdeploy\extracted&apos; to: &apos;C:\home\site\wwwroot&apos;" date="2025-10-26T07:25:22.953" /><!-- duration: 16ms -->
          <step title="Deleting file: &apos;hostingstart.html&apos;" date="2025-10-26T07:25:22.969" /><!-- duration: 0ms -->
          <step title="Copying file: &apos;App.tsx&apos;" date="2025-10-26T07:25:22.984" /><!-- duration: 0ms -->
          <step title="Copying file: &apos;index.html&apos;" date="2025-10-26T07:25:23.000" /><!-- duration: 0ms -->
          <step title="Copying file: &apos;index.tsx&apos;" date="2025-10-26T07:25:23.017" /><!-- duration: 0ms -->
          <step title="Copying file: &apos;metadata.json&apos;" date="2025-10-26T07:25:23.032" /><!-- duration: 0ms -->
          <step title="Copying file: &apos;package-lock.json&apos;" date="2025-10-26T07:25:23.048" /><!-- duration: 0ms -->
          <step title="Copying file: &apos;package.json&apos;" date="2025-10-26T07:25:23.064" /><!-- duration: 0ms -->
          <step title="Copying file: &apos;README.md&apos;" date="2025-10-26T07:25:23.079" /><!-- duration: 0ms -->
          <step title="Copying file: &apos;tsconfig.json&apos;" date="2025-10-26T07:25:23.095" /><!-- duration: 0ms -->
          <step title="Copying file: &apos;types.ts&apos;" date="2025-10-26T07:25:23.095" /><!-- duration: 16ms -->
          <step title="Copying file: &apos;vite.config.ts&apos;" date="2025-10-26T07:25:23.110" /><!-- duration: 16ms -->
          <step title="Copying file: &apos;components\Cell.tsx&apos;" date="2025-10-26T07:25:23.126" /><!-- duration: 0ms -->
          <step title="Copying file: &apos;components\Controls.tsx&apos;" date="2025-10-26T07:25:23.142" /><!-- duration: 16ms -->
          <step title="Copying file: &apos;components\GameBoard.tsx&apos;" date="2025-10-26T07:25:23.157" /><!-- duration: 0ms -->
          <step title="Copying file: &apos;components\OIcon.tsx&apos;" date="2025-10-26T07:25:23.173" /><!-- duration: 0ms -->
          <step title="Copying file: &apos;components\Scoreboard.tsx&apos;" date="2025-10-26T07:25:23.189" /><!-- duration: 0ms -->
          <step title="Copying file: &apos;components\StatusDisplay.tsx&apos;" date="2025-10-26T07:25:23.204" /><!-- duration: 0ms -->
          <step title="Copying file: &apos;components\XIcon.tsx&apos;" date="2025-10-26T07:25:23.221" /><!-- duration: 0ms -->
          <step title="Copying file: &apos;dist\index.html&apos;" date="2025-10-26T07:25:23.235" /><!-- duration: 0ms -->
          <step title="Copying file: &apos;dist\assets\index-DWaT6KLv.js&apos;" date="2025-10-26T07:25:23.251" /><!-- duration: 0ms -->
          <step title="Copying file: &apos;hooks\useGameSounds.ts&apos;" date="2025-10-26T07:25:23.251" /><!-- duration: 16ms -->
          <step title="Copying file: &apos;node_modules\@babel\code-frame\LICENSE&apos;" date="2025-10-26T07:25:23.282" /><!-- duration: 0ms -->
          <step title="Copying file: &apos;node_modules\@babel\code-frame\package.json&apos;" date="2025-10-26T07:25:23.298" /><!-- duration: 0ms -->
          <step title="Copying file: &apos;node_modules\@babel\code-frame\README.md&apos;" date="2025-10-26T07:25:23.314" /><!-- duration: 0ms -->
          <step title="Copying file: &apos;node_modules\@babel\code-frame\lib\index.js&apos;" date="2025-10-26T07:25:23.329" /><!-- duration: 0ms -->
          <step title="Copying file: &apos;node_modules\@babel\code-frame\lib\index.js.map&apos;" date="2025-10-26T07:25:23.345" /><!-- duration: 0ms -->
          <step title="Copying file: &apos;node_modules\@babel\compat-data\corejs2-built-ins.js&apos;" date="2025-10-26T07:25:23.360" /><!-- duration: 0ms -->
          <step title="Copying file: &apos;node_modules\@babel\compat-data\corejs3-shipped-proposals.js&apos;" date="2025-10-26T07:25:23.360" /><!-- duration: 16ms -->
          <step title="Copying file: &apos;node_modules\@babel\compat-data\LICENSE&apos;" date="2025-10-26T07:25:23.392" /><!-- duration: 0ms -->
          <step title="Copying file: &apos;node_modules\@babel\compat-data\native-modules.js&apos;" date="2025-10-26T07:25:23.407" /><!-- duration: 0ms -->
          <step title="Copying file: &apos;node_modules\@babel\compat-data\overlapping-plugins.js&apos;" date="2025-10-26T07:25:23.407" /><!-- duration: 16ms -->
          <step title="Copying file: &apos;node_modules\@babel\compat-data\package.json&apos;" date="2025-10-26T07:25:23.423" /><!-- duration: 16ms -->
          <step title="Copying file: &apos;node_modules\@babel\compat-data\plugin-bugfixes.js&apos;" date="2025-10-26T07:25:23.439" /><!-- duration: 0ms -->
          <step title="Copying file: &apos;node_modules\@babel\compat-data\plugins.js&apos;" date="2025-10-26T07:25:23.454" /><!-- duration: 0ms -->
          <step title="Copying file: &apos;node_modules\@babel\compat-data\README.md&apos;" date="2025-10-26T07:25:23.470" /><!-- duration: 0ms -->
          <step title="Copying file: &apos;node_modules\@babel\compat-data\data\corejs2-built-ins.json&apos;" date="2025-10-26T07:25:23.485" /><!-- duration: 0ms -->
          <step title="Copying file: &apos;node_modules\@babel\compat-data\data\corejs3-shipped-proposals.json&apos;" date="2025-10-26T07:25:23.501" /><!-- duration: 0ms -->
          <step title="Copying file: &apos;node_modules\@babel\compat-data\data\native-modules.json&apos;" date="2025-10-26T07:25:23.517" /><!-- duration: 0ms -->
          <step title="Copying file: &apos;node_modules\@babel\compat-data\data\overlapping-plugins.json&apos;" date="2025-10-26T07:25:23.532" /><!-- duration: 0ms -->
          <step title="Copying file: &apos;node_modules\@babel\compat-data\data\plugin-bugfixes.json&apos;" date="2025-10-26T07:25:23.548" /><!-- duration: 0ms -->
          <step title="Copying file: &apos;node_modules\@babel\compat-data\data\plugins.json&apos;" date="2025-10-26T07:25:23.548" /><!-- duration: 16ms -->
          <step title="Copying file: &apos;node_modules\@babel\core\LICENSE&apos;" date="2025-10-26T07:25:23.657" /><!-- duration: 0ms -->
          <step title="Copying file: &apos;node_modules\@babel\core\package.json&apos;" date="2025-10-26T07:25:23.673" /><!-- duration: 0ms -->
          <step title="Copying file: &apos;node_modules\@babel\core\README.md&apos;" date="2025-10-26T07:25:23.689" /><!-- duration: 0ms -->
          <step title="Copying file: &apos;node_modules\@babel\core\lib\index.js&apos;" date="2025-10-26T07:25:23.704" /><!-- duration: 0ms -->
          <step title="Copying file: &apos;node_modules\@babel\core\lib\index.js.map&apos;" date="2025-10-26T07:25:23.720" /><!-- duration: 0ms -->
          <step title="Copying file: &apos;node_modules\@babel\core\lib\parse.js&apos;" date="2025-10-26T07:25:23.735" /><!-- duration: 0ms -->
          <step title="Copying file: &apos;node_modules\@babel\core\lib\parse.js.map&apos;" date="2025-10-26T07:25:23.751" /><!-- duration: 0ms -->
          <step title="Omitting next output lines..." date="2025-10-26T07:25:23.767" /><!-- duration: 0ms -->
          <step title="Processed 1761 files..." date="2025-10-26T07:25:43.194" /><!-- duration: 16ms -->
          <step title="Finished successfully." date="2025-10-26T07:25:59.290" /><!-- duration: 16ms -->
        </step><!-- duration: 36899ms -->
        <step title="Build completed succesfully." date="2025-10-26T07:25:59.337" /><!-- duration: 16ms -->
        <step title="Running post deployment command(s)..." date="2025-10-26T07:25:59.399" /><!-- duration: 0ms -->
        <step title="Requesting site restart" date="2025-10-26T07:25:59.446" /><!-- duration: 0ms -->
        <step title="Requesting site restart" date="2025-10-26T07:25:59.462" /><!-- duration: 0ms -->
        <step title="Requesting site restart. Attempt #1" date="2025-10-26T07:25:59.509" /><!-- duration: 0ms -->
        <step title="Requesting site restart. Attempt #1" date="2025-10-26T07:25:59.524" /><!-- duration: 0ms -->
        <step title="Successfully requested a restart. Attempt #1" date="2025-10-26T07:25:59.884" /><!-- duration: 16ms -->
        <step title="Successfully requested a restart. Attempt #1" date="2025-10-26T07:25:59.900" /><!-- duration: 0ms -->
        <step title="Deployment successful. DEPLOYMENTINFO: deploymentPath = OneDeploy, deployer = OneDeploy, os = windows, sku = Free, siteName = gomokuai, siteHostName = gomokuai-b7f4fxc7eagkb2gk.southeastasia-01.azurewebsites.net, deploymentStatus = Success" date="2025-10-26T07:25:59.962" /><!-- duration: 0ms -->
      </step><!-- duration: 38196ms -->
    </step><!-- duration: 38462ms -->
    <step title="Cleaning up temp files" date="2025-10-26T07:26:00.071" /><!-- duration: 16ms -->
    <step title="Skip function trigger and logicapp sync because function is not enabled." date="2025-10-26T07:26:00.087" /><!-- duration: 16ms -->
  </step><!-- duration: 41040ms -->
  <step title="LockFile &apos;C:\home\site\locks\deployments.lock&apos; released" date="2025-10-26T07:26:00.118" /><!-- duration: 0ms -->
  <step title="Deleting shutdown sentinel file" date="2025-10-26T07:26:00.134" SemaphoreCount="8" /><!-- duration: 16ms -->
</step><!-- duration: 41165ms -->
