<step title="BackgroundTrace" date="2025-10-26T10:16:27.681" instance="79f58c" url="/api/publish" method="POST" >
  <step title="Updating shutdown sentinel last write time" date="2025-10-26T10:16:27.696" SemaphoreCount="7" /><!-- duration: 16ms -->
  <step title="LockFile &apos;C:\home\site\locks\deployments.lock&apos; acquired" date="2025-10-26T10:16:27.712" /><!-- duration: 0ms -->
  <step title="Creating temporary deployment" date="2025-10-26T10:16:27.727" /><!-- duration: 47ms -->
  <step title="Performing fetch based deployment" date="2025-10-26T10:16:27.774" >
    <step title="Fetching changes." date="2025-10-26T10:16:27.837" /><!-- duration: 16ms -->
    <step title="Starting LocalZipHandler" date="2025-10-26T10:16:27.852" /><!-- duration: 16ms -->
    <step title="Starting ExtractTriggers" date="2025-10-26T10:16:27.868" /><!-- duration: 16ms -->
    <step title="Before sending BuildRequestReceived status to /api/updatedeploystatus" date="2025-10-26T10:16:27.931" /><!-- duration: 16ms -->
    <step title="DeploymentManager.Deploy(id:3e228f32eef34b62b9b2bbbc278b9472)" date="2025-10-26T10:16:27.946" >
      <step title="Collecting changeset information" date="2025-10-26T10:16:27.962" /><!-- duration: 31ms -->
      <step title="Updating submodules" date="2025-10-26T10:16:28.009" >
        <step title="Updating submodules." date="2025-10-26T10:16:28.056" /><!-- duration: 0ms -->
      </step><!-- duration: 63ms -->
      <step title="Preparing deployment for commit id &apos;3e228f32ee&apos;." date="2025-10-26T10:16:28.118" /><!-- duration: 0ms -->
      <step title="Determining deployment builder" date="2025-10-26T10:16:28.165" >
        <step title="Builder is RunFromZipSiteBuilder" date="2025-10-26T10:16:28.181" /><!-- duration: 0ms -->
      </step><!-- duration: 16ms -->
      <step title="Copying SSH keys" date="2025-10-26T10:16:28.196" /><!-- duration: 16ms -->
      <step title="Building" date="2025-10-26T10:16:28.212" >
        <step title="Skipping build. Project type: Run-From-Zip" date="2025-10-26T10:16:28.259" /><!-- duration: 0ms -->
        <step title="Skipping post build. Project type: Run-From-Zip" date="2025-10-26T10:16:28.306" /><!-- duration: 0ms -->
        <step title="Requesting site restart" date="2025-10-26T10:16:28.353" /><!-- duration: 16ms -->
        <step title="Requesting site restart" date="2025-10-26T10:16:28.369" /><!-- duration: 0ms -->
        <step title="Requesting site restart. Attempt #1" date="2025-10-26T10:16:28.416" /><!-- duration: 16ms -->
        <step title="Requesting site restart. Attempt #1" date="2025-10-26T10:16:28.431" /><!-- duration: 0ms -->
        <step title="Successfully requested a restart. Attempt #1" date="2025-10-26T10:16:28.884" /><!-- duration: 0ms -->
        <step title="Successfully requested a restart. Attempt #1" date="2025-10-26T10:16:28.900" /><!-- duration: 0ms -->
        <step title="Deployment successful. DEPLOYMENTINFO: deploymentPath = OneDeploy, deployer = OneDeploy, os = windows, sku = Free, siteName = gomokuai, siteHostName = gomokuai-b7f4fxc7eagkb2gk.southeastasia-01.azurewebsites.net, deploymentStatus = Success" date="2025-10-26T10:16:28.947" /><!-- duration: 0ms -->
      </step><!-- duration: 844ms -->
    </step><!-- duration: 1110ms -->
    <step title="Cleaning up temp files" date="2025-10-26T10:16:29.072" /><!-- duration: 0ms -->
    <step title="Updating C:\home\data\SitePackages\packagename.txt with deployment 20251026101625.zip" date="2025-10-26T10:16:29.087" /><!-- duration: 63ms -->
    <step title="Skip function trigger and logicapp sync because function is not enabled." date="2025-10-26T10:16:29.150" /><!-- duration: 16ms -->
  </step><!-- duration: 1407ms -->
  <step title="LockFile &apos;C:\home\site\locks\deployments.lock&apos; released" date="2025-10-26T10:16:29.181" /><!-- duration: 16ms -->
  <step title="Deleting shutdown sentinel file" date="2025-10-26T10:16:29.197" SemaphoreCount="8" /><!-- duration: 0ms -->
</step><!-- duration: 1532ms -->
