<step title="Incoming Request" date="2025-10-26T08:39:19.386" instance="79f58c" url="/api/publish?async=true&amp;deployer=GITHUB_ONE_DEPLOY&amp;type=zip&amp;message=%7B%22type%22%3A%22deployment%22%2C%22sha%22%3A%225ecfa5ebc3961f2874baac445473505b17e04baa%22%2C%22repoName%22%3A%22matrixgoh%2FGomoku-AI%22%2C%22actor%22%3A%22matrixgoh%22%2C%22slotName%22%3A%22production%22%2C%22commitMessage%22%3A%22%F0%9F%97%91%EF%B8%8F%20Remove%20incorrect%20Azure%20Functions%20workflow%5Cn%5Cn-%20Delete%20main_gomoku.yml%20(Azure%20Functions%20workflow)%5Cn-%20Keep%20only%20main_gomokuai.yml%20(Azure%20Web%20App%20workflow)%5Cn-%20Fixes%20deployment%20failure%20caused%20by%20wrong%20workflow%20type%5Cn-%20Web%20App%20workflow%20correctly%20handles%20server%2F%20directory%20structure%22%7D" method="POST" type="request" pid="14532,2,8" Transfer-Encoding="chunked" Content-Type="application/octet-stream" Authorization="Bea..." Cookie="ARRAffinity=79f58c845a530d4729e36f82f361926dbaed21889577ab18ea9dff5906ee61d3;Path=/;HttpOnly;Secure;Domain=gomokuai-b7f4fxc7eagkb2gk.scm.southeastasia-01.azurewebsites.net; ARRAffinitySameSite=79f58c845a530d4729e36f82f361926dbaed21889577ab18ea9dff5906ee61d3;Path=/;HttpOnly;SameSite=None;Secure;Domain=gomokuai-b7f4fxc7eagkb2gk.scm.southeastasia-01.azurewebsites.net" Host="gomokuai-b7f4fxc7eagkb2gk.scm.southeastasia-01.azurewebsites.net" User-Agent="GITHUBACTIONS_DeployWebAppToAzure_90de1ec77cc7e6ed13504163547a32a4f55fe8a01dda5b39461d13ae3e1b9ee7" X-ARR-LOG-ID="fe26f4ac-9a8e-4ae5-8d6c-ddeccf084dc5" CLIENT-IP="20.161.71.48:56256" X-SITE-DEPLOYMENT-ID="gomokuai" WAS-DEFAULT-HOSTNAME="gomokuai-b7f4fxc7eagkb2gk.scm.southeastasia-01.azurewebsites.net" X-Forwarded-Proto="https" X-AppService-Proto="https" X-Forwarded-TlsVersion="1.3" X-WAWS-Unencoded-URL="/api/publish?async=true&amp;deployer=GITHUB_ONE_DEPLOY&amp;type=zip&amp;message=%7B%22type%22%3A%22deployment%22%2C%22sha%22%3A%225ecfa5ebc3961f2874baac445473505b17e04baa%22%2C%22repoName%22%3A%22matrixgoh%2FGomoku-AI%22%2C%22actor%22%3A%22matrixgoh%22%2C%22slotName%22%3A%22production%22%2C%22commitMessage%22%3A%22%F0%9F%97%91%EF%B8%8F%20Remove%20incorrect%20Azure%20Functions%20workflow%5Cn%5Cn-%20Delete%20main_gomoku.yml%20(Azure%20Functions%20workflow)%5Cn-%20Keep%20only%20main_gomokuai.yml%20(Azure%20Web%20App%20workflow)%5Cn-%20Fixes%20deployment%20failure%20caused%20by%20wrong%20workflow%20type%5Cn-%20Web%20App%20workflow%20correctly%20handles%20server%2F%20directory%20structure%22%7D" >
  <step title="OneDeploy" date="2025-10-26T08:39:19.636" >
    <step title="Starting PushDeployAsync" date="2025-10-26T08:39:19.667" /><!-- duration: 0ms -->
    <step title="Updating shutdown sentinel last write time" date="2025-10-26T08:39:19.714" SemaphoreCount="7" /><!-- duration: 16ms -->
    <step title="LockFile &apos;C:\home\site\locks\deployments.lock&apos; acquired" date="2025-10-26T08:39:19.730" /><!-- duration: 0ms -->
    <step title="Saving request content to C:\local\Temp\zipdeploy\qpvlizc4.zip" date="2025-10-26T08:39:19.745" >
      <step title="Total 5,388,724 bytes written to C:\local\Temp\zipdeploy\qpvlizc4.zip" date="2025-10-26T08:39:20.902" /><!-- duration: 16ms -->
    </step><!-- duration: 1172ms -->
    <step title="LockFile &apos;C:\home\site\locks\deployments.lock&apos; released" date="2025-10-26T08:39:20.933" /><!-- duration: 0ms -->
    <step title="Deleting shutdown sentinel file" date="2025-10-26T08:39:20.949" SemaphoreCount="8" /><!-- duration: 0ms -->
    <step title="Starting FetchDeploy" date="2025-10-26T08:39:20.964" /><!-- duration: 0ms -->
    <step title="Start deployment in the background" date="2025-10-26T08:39:20.964" /><!-- duration: 125ms -->
  </step><!-- duration: 1453ms -->
  <step title="Outgoing response" date="2025-10-26T08:39:21.105" type="response" statusCode="202" statusText="Accepted" Server="Microsoft-IIS/10.0" x-ms-request-id="fe26f4ac-9a8e-4ae5-8d6c-ddeccf084dc5" Retry-After="30" Cache-Control="private" X-AspNet-Version="4.0.30319" Location="https://gomokuai-b7f4fxc7eagkb2gk.scm.southeastasia-01.azurewebsites.net/api/deployments/latest?deployer=OneDeploy&amp;time=2025-10-26_08-39-21Z" /><!-- duration: 0ms -->
</step><!-- duration: 1719ms -->
