<step title="Incoming Request" date="2025-10-26T10:16:24.941" instance="79f58c" url="/api/publish?async=true&amp;deployer=GITHUB_ONE_DEPLOY&amp;type=zip&amp;message=%7B%22type%22%3A%22deployment%22%2C%22sha%22%3A%22dc8f8c425d431b2742acbf58fc06c1baff848039%22%2C%22repoName%22%3A%22matrixgoh%2FGomoku-AI%22%2C%22actor%22%3A%22matrixgoh%22%2C%22slotName%22%3A%22production%22%2C%22commitMessage%22%3A%22ci%3A%20enable%20appservice%20filesystem%20logging%20and%20download%20logs%20artifact%20for%20diagnostics%22%7D" method="POST" type="request" pid="13816,2,15" Transfer-Encoding="chunked" Content-Type="application/octet-stream" Authorization="Bea..." Cookie="ARRAffinity=79f58c845a530d4729e36f82f361926dbaed21889577ab18ea9dff5906ee61d3;Path=/;HttpOnly;Secure;Domain=gomokuai-b7f4fxc7eagkb2gk.scm.southeastasia-01.azurewebsites.net; ARRAffinitySameSite=79f58c845a530d4729e36f82f361926dbaed21889577ab18ea9dff5906ee61d3;Path=/;HttpOnly;SameSite=None;Secure;Domain=gomokuai-b7f4fxc7eagkb2gk.scm.southeastasia-01.azurewebsites.net" Host="gomokuai-b7f4fxc7eagkb2gk.scm.southeastasia-01.azurewebsites.net" User-Agent="GITHUBACTIONS_DeployWebAppToAzure_90de1ec77cc7e6ed13504163547a32a4f55fe8a01dda5b39461d13ae3e1b9ee7" X-ARR-LOG-ID="8892a393-9099-44c6-a1c8-69d4f3de0af0" CLIENT-IP="74.235.151.4:18488" X-SITE-DEPLOYMENT-ID="gomokuai" WAS-DEFAULT-HOSTNAME="gomokuai-b7f4fxc7eagkb2gk.scm.southeastasia-01.azurewebsites.net" X-Forwarded-Proto="https" X-AppService-Proto="https" X-Forwarded-TlsVersion="1.3" X-WAWS-Unencoded-URL="/api/publish?async=true&amp;deployer=GITHUB_ONE_DEPLOY&amp;type=zip&amp;message=%7B%22type%22%3A%22deployment%22%2C%22sha%22%3A%22dc8f8c425d431b2742acbf58fc06c1baff848039%22%2C%22repoName%22%3A%22matrixgoh%2FGomoku-AI%22%2C%22actor%22%3A%22matrixgoh%22%2C%22slotName%22%3A%22production%22%2C%22commitMessage%22%3A%22ci%3A%20enable%20appservice%20filesystem%20logging%20and%20download%20logs%20artifact%20for%20diagnostics%22%7D" >
  <step title="OneDeploy" date="2025-10-26T10:16:25.176" >
    <step title="Starting PushDeployAsync" date="2025-10-26T10:16:25.207" /><!-- duration: 0ms -->
    <step title="Updating shutdown sentinel last write time" date="2025-10-26T10:16:25.238" SemaphoreCount="7" /><!-- duration: 0ms -->
    <step title="LockFile &apos;C:\home\site\locks\deployments.lock&apos; acquired" date="2025-10-26T10:16:25.254" /><!-- duration: 16ms -->
    <step title="Deleting outdated zip file C:\home\data\SitePackages\20251026094952.zip" date="2025-10-26T10:16:25.285" /><!-- duration: 16ms -->
    <step title="Saving request content to C:\home\data\SitePackages\20251026101625.zip" date="2025-10-26T10:16:25.301" >
      <step title="Total 5,391,550 bytes written to C:\home\data\SitePackages\20251026101625.zip" date="2025-10-26T10:16:27.587" /><!-- duration: 16ms -->
    </step><!-- duration: 2333ms -->
    <step title="LockFile &apos;C:\home\site\locks\deployments.lock&apos; released" date="2025-10-26T10:16:27.634" /><!-- duration: 16ms -->
    <step title="Deleting shutdown sentinel file" date="2025-10-26T10:16:27.649" SemaphoreCount="8" /><!-- duration: 16ms -->
    <step title="Starting FetchDeploy" date="2025-10-26T10:16:27.665" /><!-- duration: 0ms -->
    <step title="Start deployment in the background" date="2025-10-26T10:16:27.681" /><!-- duration: 94ms -->
  </step><!-- duration: 2614ms -->
  <step title="Outgoing response" date="2025-10-26T10:16:27.790" type="response" statusCode="202" statusText="Accepted" Server="Microsoft-IIS/10.0" x-ms-request-id="8892a393-9099-44c6-a1c8-69d4f3de0af0" Retry-After="30" Cache-Control="private" X-AspNet-Version="4.0.30319" Location="https://gomokuai-b7f4fxc7eagkb2gk.scm.southeastasia-01.azurewebsites.net/api/deployments/latest?deployer=OneDeploy&amp;time=2025-10-26_10-16-27Z" /><!-- duration: 0ms -->
</step><!-- duration: 2864ms -->
