<step title="Incoming Request" date="2025-10-26T10:06:26.332" instance="79f58c" url="/api/publish?async=true&amp;deployer=GITHUB_ONE_DEPLOY&amp;type=zip&amp;message=%7B%22type%22%3A%22deployment%22%2C%22sha%22%3A%223fa736e9b3a6564a40f13c2a5cf20cb41b8914ed%22%2C%22repoName%22%3A%22matrixgoh%2FGomoku-AI%22%2C%22actor%22%3A%22matrixgoh%22%2C%22slotName%22%3A%22production%22%2C%22commitMessage%22%3A%22test(server)%3A%20use%20simple-server.cjs%20as%20Azure%20entrypoint%3B%20add%20start%3Asimple%3B%20update%20startup%20scripts%22%7D" method="POST" type="request" pid="12764,2,32" Transfer-Encoding="chunked" Content-Type="application/octet-stream" Authorization="Bea..." Cookie="ARRAffinity=79f58c845a530d4729e36f82f361926dbaed21889577ab18ea9dff5906ee61d3;Path=/;HttpOnly;Secure;Domain=gomokuai-b7f4fxc7eagkb2gk.scm.southeastasia-01.azurewebsites.net; ARRAffinitySameSite=79f58c845a530d4729e36f82f361926dbaed21889577ab18ea9dff5906ee61d3;Path=/;HttpOnly;SameSite=None;Secure;Domain=gomokuai-b7f4fxc7eagkb2gk.scm.southeastasia-01.azurewebsites.net" Host="gomokuai-b7f4fxc7eagkb2gk.scm.southeastasia-01.azurewebsites.net" User-Agent="GITHUBACTIONS_DeployWebAppToAzure_90de1ec77cc7e6ed13504163547a32a4f55fe8a01dda5b39461d13ae3e1b9ee7" X-ARR-LOG-ID="673f974a-2428-41f9-8f04-687deacbad4c" CLIENT-IP="20.109.36.226:27584" X-SITE-DEPLOYMENT-ID="gomokuai" WAS-DEFAULT-HOSTNAME="gomokuai-b7f4fxc7eagkb2gk.scm.southeastasia-01.azurewebsites.net" X-Forwarded-Proto="https" X-AppService-Proto="https" X-Forwarded-TlsVersion="1.3" X-WAWS-Unencoded-URL="/api/publish?async=true&amp;deployer=GITHUB_ONE_DEPLOY&amp;type=zip&amp;message=%7B%22type%22%3A%22deployment%22%2C%22sha%22%3A%223fa736e9b3a6564a40f13c2a5cf20cb41b8914ed%22%2C%22repoName%22%3A%22matrixgoh%2FGomoku-AI%22%2C%22actor%22%3A%22matrixgoh%22%2C%22slotName%22%3A%22production%22%2C%22commitMessage%22%3A%22test(server)%3A%20use%20simple-server.cjs%20as%20Azure%20entrypoint%3B%20add%20start%3Asimple%3B%20update%20startup%20scripts%22%7D" >
  <step title="OneDeploy" date="2025-10-26T10:06:26.598" >
    <step title="Starting PushDeployAsync" date="2025-10-26T10:06:26.613" /><!-- duration: 0ms -->
    <step title="Updating shutdown sentinel last write time" date="2025-10-26T10:06:26.629" SemaphoreCount="7" /><!-- duration: 16ms -->
    <step title="LockFile &apos;C:\home\site\locks\deployments.lock&apos; acquired" date="2025-10-26T10:06:26.644" /><!-- duration: 0ms -->
    <step title="Saving request content to C:\home\data\SitePackages\20251026100626.zip" date="2025-10-26T10:06:26.676" >
      <step title="Total 5,391,550 bytes written to C:\home\data\SitePackages\20251026100626.zip" date="2025-10-26T10:06:28.129" /><!-- duration: 0ms -->
    </step><!-- duration: 1469ms -->
    <step title="LockFile &apos;C:\home\site\locks\deployments.lock&apos; released" date="2025-10-26T10:06:28.160" /><!-- duration: 0ms -->
    <step title="Deleting shutdown sentinel file" date="2025-10-26T10:06:28.160" SemaphoreCount="8" /><!-- duration: 16ms -->
    <step title="Starting FetchDeploy" date="2025-10-26T10:06:28.176" /><!-- duration: 16ms -->
    <step title="Start deployment in the background" date="2025-10-26T10:06:28.191" /><!-- duration: 109ms -->
  </step><!-- duration: 1703ms -->
  <step title="Outgoing response" date="2025-10-26T10:06:28.316" type="response" statusCode="202" statusText="Accepted" Server="Microsoft-IIS/10.0" x-ms-request-id="673f974a-2428-41f9-8f04-687deacbad4c" Retry-After="30" Cache-Control="private" X-AspNet-Version="4.0.30319" Location="https://gomokuai-b7f4fxc7eagkb2gk.scm.southeastasia-01.azurewebsites.net/api/deployments/latest?deployer=OneDeploy&amp;time=2025-10-26_10-06-28Z" /><!-- duration: 0ms -->
</step><!-- duration: 2000ms -->
