<step title="Incoming Request" date="2025-10-26T09:49:52.487" instance="79f58c" url="/api/publish?async=true&amp;deployer=GITHUB_ONE_DEPLOY&amp;type=zip&amp;message=%7B%22type%22%3A%22deployment%22%2C%22sha%22%3A%22458155917aa2e44aebc7e4d052a97ba176e8234e%22%2C%22repoName%22%3A%22matrixgoh%2FGomoku-AI%22%2C%22actor%22%3A%22matrixgoh%22%2C%22slotName%22%3A%22production%22%2C%22commitMessage%22%3A%22fix(server)%3A%20align%20start%20scripts%20and%20simplify%20web.config%20for%20Azure%20(enable%20diagnostics%20temporarily)%22%7D" method="POST" type="request" pid="8448,2,12" Transfer-Encoding="chunked" Content-Type="application/octet-stream" Authorization="Bea..." Cookie="ARRAffinity=79f58c845a530d4729e36f82f361926dbaed21889577ab18ea9dff5906ee61d3;Path=/;HttpOnly;Secure;Domain=gomokuai-b7f4fxc7eagkb2gk.scm.southeastasia-01.azurewebsites.net; ARRAffinitySameSite=79f58c845a530d4729e36f82f361926dbaed21889577ab18ea9dff5906ee61d3;Path=/;HttpOnly;SameSite=None;Secure;Domain=gomokuai-b7f4fxc7eagkb2gk.scm.southeastasia-01.azurewebsites.net" Host="gomokuai-b7f4fxc7eagkb2gk.scm.southeastasia-01.azurewebsites.net" User-Agent="GITHUBACTIONS_DeployWebAppToAzure_90de1ec77cc7e6ed13504163547a32a4f55fe8a01dda5b39461d13ae3e1b9ee7" X-ARR-LOG-ID="de28d621-fae5-4408-9369-e1cd19167a84" CLIENT-IP="135.232.216.66:5136" X-SITE-DEPLOYMENT-ID="gomokuai" WAS-DEFAULT-HOSTNAME="gomokuai-b7f4fxc7eagkb2gk.scm.southeastasia-01.azurewebsites.net" X-Forwarded-Proto="https" X-AppService-Proto="https" X-Forwarded-TlsVersion="1.3" X-WAWS-Unencoded-URL="/api/publish?async=true&amp;deployer=GITHUB_ONE_DEPLOY&amp;type=zip&amp;message=%7B%22type%22%3A%22deployment%22%2C%22sha%22%3A%22458155917aa2e44aebc7e4d052a97ba176e8234e%22%2C%22repoName%22%3A%22matrixgoh%2FGomoku-AI%22%2C%22actor%22%3A%22matrixgoh%22%2C%22slotName%22%3A%22production%22%2C%22commitMessage%22%3A%22fix(server)%3A%20align%20start%20scripts%20and%20simplify%20web.config%20for%20Azure%20(enable%20diagnostics%20temporarily)%22%7D" >
  <step title="OneDeploy" date="2025-10-26T09:49:52.722" >
    <step title="Starting PushDeployAsync" date="2025-10-26T09:49:52.753" /><!-- duration: 0ms -->
    <step title="Updating shutdown sentinel last write time" date="2025-10-26T09:49:52.800" SemaphoreCount="7" /><!-- duration: 16ms -->
    <step title="LockFile &apos;C:\home\site\locks\deployments.lock&apos; acquired" date="2025-10-26T09:49:52.831" /><!-- duration: 0ms -->
    <step title="Saving request content to C:\home\data\SitePackages\20251026094952.zip" date="2025-10-26T09:49:52.847" >
      <step title="Total 5,390,566 bytes written to C:\home\data\SitePackages\20251026094952.zip" date="2025-10-26T09:49:53.909" /><!-- duration: 16ms -->
    </step><!-- duration: 1125ms -->
    <step title="LockFile &apos;C:\home\site\locks\deployments.lock&apos; released" date="2025-10-26T09:49:53.972" /><!-- duration: 0ms -->
    <step title="Deleting shutdown sentinel file" date="2025-10-26T09:49:53.987" SemaphoreCount="8" /><!-- duration: 0ms -->
    <step title="Starting FetchDeploy" date="2025-10-26T09:49:54.003" /><!-- duration: 0ms -->
    <step title="Start deployment in the background" date="2025-10-26T09:49:54.003" /><!-- duration: 109ms -->
  </step><!-- duration: 1391ms -->
  <step title="Outgoing response" date="2025-10-26T09:49:54.128" type="response" statusCode="202" statusText="Accepted" Server="Microsoft-IIS/10.0" x-ms-request-id="de28d621-fae5-4408-9369-e1cd19167a84" Retry-After="30" Cache-Control="private" X-AspNet-Version="4.0.30319" Location="https://gomokuai-b7f4fxc7eagkb2gk.scm.southeastasia-01.azurewebsites.net/api/deployments/latest?deployer=OneDeploy&amp;time=2025-10-26_09-49-54Z" /><!-- duration: 16ms -->
</step><!-- duration: 1656ms -->
