<step title="Incoming Request" date="2025-10-26T08:34:50.544" instance="79f58c" url="/api/publish?async=true&amp;deployer=GITHUB_ONE_DEPLOY&amp;type=zip&amp;message=%7B%22type%22%3A%22deployment%22%2C%22sha%22%3A%22e2429bba6cc96591c0d0cba1f591d3b9201aeb9e%22%2C%22repoName%22%3A%22matrixgoh%2FGomoku-AI%22%2C%22actor%22%3A%22matrixgoh%22%2C%22slotName%22%3A%22production%22%2C%22commitMessage%22%3A%22%F0%9F%94%A7%20Fix%20Azure%20federated%20identity%20authentication%20error%5Cn%5Cn-%20Remove%20environment%3A%20production%20from%20deploy%20job%20to%20fix%20subject%20claim%20mismatch%5Cn-%20Remove%20slot-name%20specifications%20that%20were%20causing%20authentication%20issues%5Cn-%20Add%20allow-no-subscriptions%20flag%20for%20more%20flexible%20Azure%20login%5Cn-%20Fixes%20AADSTS700213%20federated%20identity%20record%20error%22%7D" method="POST" type="request" pid="7020,2,19" Transfer-Encoding="chunked" Content-Type="application/octet-stream" Authorization="Bea..." Cookie="ARRAffinity=79f58c845a530d4729e36f82f361926dbaed21889577ab18ea9dff5906ee61d3;Path=/;HttpOnly;Secure;Domain=gomokuai-b7f4fxc7eagkb2gk.scm.southeastasia-01.azurewebsites.net; ARRAffinitySameSite=79f58c845a530d4729e36f82f361926dbaed21889577ab18ea9dff5906ee61d3;Path=/;HttpOnly;SameSite=None;Secure;Domain=gomokuai-b7f4fxc7eagkb2gk.scm.southeastasia-01.azurewebsites.net" Host="gomokuai-b7f4fxc7eagkb2gk.scm.southeastasia-01.azurewebsites.net" User-Agent="GITHUBACTIONS_DeployWebAppToAzure_90de1ec77cc7e6ed13504163547a32a4f55fe8a01dda5b39461d13ae3e1b9ee7" X-ARR-LOG-ID="0307ad71-6612-42d5-a077-10fcc77a582f" CLIENT-IP="20.171.127.100:5120" X-SITE-DEPLOYMENT-ID="gomokuai" WAS-DEFAULT-HOSTNAME="gomokuai-b7f4fxc7eagkb2gk.scm.southeastasia-01.azurewebsites.net" X-Forwarded-Proto="https" X-AppService-Proto="https" X-Forwarded-TlsVersion="1.3" X-WAWS-Unencoded-URL="/api/publish?async=true&amp;deployer=GITHUB_ONE_DEPLOY&amp;type=zip&amp;message=%7B%22type%22%3A%22deployment%22%2C%22sha%22%3A%22e2429bba6cc96591c0d0cba1f591d3b9201aeb9e%22%2C%22repoName%22%3A%22matrixgoh%2FGomoku-AI%22%2C%22actor%22%3A%22matrixgoh%22%2C%22slotName%22%3A%22production%22%2C%22commitMessage%22%3A%22%F0%9F%94%A7%20Fix%20Azure%20federated%20identity%20authentication%20error%5Cn%5Cn-%20Remove%20environment%3A%20production%20from%20deploy%20job%20to%20fix%20subject%20claim%20mismatch%5Cn-%20Remove%20slot-name%20specifications%20that%20were%20causing%20authentication%20issues%5Cn-%20Add%20allow-no-subscriptions%20flag%20for%20more%20flexible%20Azure%20login%5Cn-%20Fixes%20AADSTS700213%20federated%20identity%20record%20error%22%7D" >
  <step title="OneDeploy" date="2025-10-26T08:34:50.747" >
    <step title="Starting PushDeployAsync" date="2025-10-26T08:34:50.763" /><!-- duration: 16ms -->
    <step title="Updating shutdown sentinel last write time" date="2025-10-26T08:34:50.810" SemaphoreCount="7" /><!-- duration: 16ms -->
    <step title="LockFile &apos;C:\home\site\locks\deployments.lock&apos; acquired" date="2025-10-26T08:34:50.841" /><!-- duration: 0ms -->
    <step title="Saving request content to C:\local\Temp\zipdeploy\s0cx0hpd.zip" date="2025-10-26T08:34:50.841" >
      <step title="Total 5,388,724 bytes written to C:\local\Temp\zipdeploy\s0cx0hpd.zip" date="2025-10-26T08:34:51.794" /><!-- duration: 0ms -->
    </step><!-- duration: 969ms -->
    <step title="LockFile &apos;C:\home\site\locks\deployments.lock&apos; released" date="2025-10-26T08:34:51.810" /><!-- duration: 16ms -->
    <step title="Deleting shutdown sentinel file" date="2025-10-26T08:34:51.825" SemaphoreCount="8" /><!-- duration: 0ms -->
    <step title="Starting FetchDeploy" date="2025-10-26T08:34:51.841" /><!-- duration: 0ms -->
    <step title="Start deployment in the background" date="2025-10-26T08:34:51.856" /><!-- duration: 94ms -->
  </step><!-- duration: 1203ms -->
  <step title="Outgoing response" date="2025-10-26T08:34:51.966" type="response" statusCode="202" statusText="Accepted" Server="Microsoft-IIS/10.0" x-ms-request-id="0307ad71-6612-42d5-a077-10fcc77a582f" Retry-After="30" Cache-Control="private" X-AspNet-Version="4.0.30319" Location="https://gomokuai-b7f4fxc7eagkb2gk.scm.southeastasia-01.azurewebsites.net/api/deployments/latest?deployer=OneDeploy&amp;time=2025-10-26_08-34-51Z" /><!-- duration: 0ms -->
</step><!-- duration: 1422ms -->
