<step title="BackgroundTrace" date="2025-10-26T10:12:14.935" instance="79f58c" url="/api/publish" method="POST" >
  <step title="Updating shutdown sentinel last write time" date="2025-10-26T10:12:14.951" SemaphoreCount="7" /><!-- duration: 0ms -->
  <step title="LockFile &apos;C:\home\site\locks\deployments.lock&apos; acquired" date="2025-10-26T10:12:14.951" /><!-- duration: 16ms -->
  <step title="Creating temporary deployment" date="2025-10-26T10:12:14.966" /><!-- duration: 63ms -->
  <step title="Performing fetch based deployment" date="2025-10-26T10:12:15.029" >
    <step title="Fetching changes." date="2025-10-26T10:12:15.091" /><!-- duration: 16ms -->
    <step title="Starting LocalZipHandler" date="2025-10-26T10:12:15.123" /><!-- duration: 0ms -->
    <step title="Starting ExtractTriggers" date="2025-10-26T10:12:15.138" /><!-- duration: 16ms -->
    <step title="Before sending BuildRequestReceived status to /api/updatedeploystatus" date="2025-10-26T10:12:15.216" /><!-- duration: 0ms -->
    <step title="DeploymentManager.Deploy(id:d60813468cee423b803a24de848573ac)" date="2025-10-26T10:12:15.216" >
      <step title="Collecting changeset information" date="2025-10-26T10:12:15.232" /><!-- duration: 31ms -->
      <step title="Updating submodules" date="2025-10-26T10:12:15.279" >
        <step title="Updating submodules." date="2025-10-26T10:12:15.310" /><!-- duration: 16ms -->
      </step><!-- duration: 47ms -->
      <step title="Preparing deployment for commit id &apos;d60813468c&apos;." date="2025-10-26T10:12:15.373" /><!-- duration: 0ms -->
      <step title="Determining deployment builder" date="2025-10-26T10:12:15.419" >
        <step title="Builder is RunFromZipSiteBuilder" date="2025-10-26T10:12:15.435" /><!-- duration: 0ms -->
      </step><!-- duration: 16ms -->
      <step title="Copying SSH keys" date="2025-10-26T10:12:15.451" /><!-- duration: 16ms -->
      <step title="Building" date="2025-10-26T10:12:15.466" >
        <step title="Skipping build. Project type: Run-From-Zip" date="2025-10-26T10:12:15.498" /><!-- duration: 16ms -->
        <step title="Skipping post build. Project type: Run-From-Zip" date="2025-10-26T10:12:15.560" /><!-- duration: 0ms -->
        <step title="Requesting site restart" date="2025-10-26T10:12:15.607" /><!-- duration: 0ms -->
        <step title="Requesting site restart" date="2025-10-26T10:12:15.623" /><!-- duration: 0ms -->
        <step title="Requesting site restart. Attempt #1" date="2025-10-26T10:12:15.669" /><!-- duration: 0ms -->
        <step title="Requesting site restart. Attempt #1" date="2025-10-26T10:12:15.685" /><!-- duration: 0ms -->
        <step title="Successfully requested a restart. Attempt #1" date="2025-10-26T10:12:16.076" /><!-- duration: 0ms -->
        <step title="Successfully requested a restart. Attempt #1" date="2025-10-26T10:12:16.091" /><!-- duration: 16ms -->
        <step title="Deployment successful. DEPLOYMENTINFO: deploymentPath = OneDeploy, deployer = OneDeploy, os = windows, sku = Free, siteName = gomokuai, siteHostName = gomokuai-b7f4fxc7eagkb2gk.southeastasia-01.azurewebsites.net, deploymentStatus = Success" date="2025-10-26T10:12:16.154" /><!-- duration: 0ms -->
      </step><!-- duration: 797ms -->
    </step><!-- duration: 1047ms -->
    <step title="Cleaning up temp files" date="2025-10-26T10:12:16.279" /><!-- duration: 0ms -->
    <step title="Updating C:\home\data\SitePackages\packagename.txt with deployment 20251026101213.zip" date="2025-10-26T10:12:16.294" /><!-- duration: 98ms -->
    <step title="Skip function trigger and logicapp sync because function is not enabled." date="2025-10-26T10:12:16.408" /><!-- duration: 0ms -->
  </step><!-- duration: 1411ms -->
  <step title="LockFile &apos;C:\home\site\locks\deployments.lock&apos; released" date="2025-10-26T10:12:16.439" /><!-- duration: 16ms -->
  <step title="Deleting shutdown sentinel file" date="2025-10-26T10:12:16.455" SemaphoreCount="8" /><!-- duration: 16ms -->
</step><!-- duration: 1536ms -->
