<step title="Incoming Request" date="2025-10-26T09:01:18.379" instance="79f58c" url="/api/publish?async=true&amp;deployer=GITHUB_ONE_DEPLOY&amp;type=zip&amp;message=%7B%22type%22%3A%22deployment%22%2C%22sha%22%3A%22b83f6fe4ccdb7a48308d0bbdfe8cd6b935686f60%22%2C%22repoName%22%3A%22matrixgoh%2FGomoku-AI%22%2C%22actor%22%3A%22matrixgoh%22%2C%22slotName%22%3A%22production%22%2C%22commitMessage%22%3A%22%F0%9F%94%A7%20Fix%20API%20route%20order%20-%20move%20health%20endpoint%20before%20catch-all%5Cn%5Cn-%20Move%20%2Fapi%2Fhealth%20endpoint%20before%20catch-all%20route%20(*)%5Cn-%20Prevents%20404%20errors%20on%20health%20check%20endpoint%5Cn-%20All%20API%20endpoints%20now%20accessible%20and%20working%20correctly%5Cn-%20Local%20testing%20confirmed%20all%20endpoints%20working%22%7D" method="POST" type="request" pid="15248,2,7" Transfer-Encoding="chunked" Content-Type="application/octet-stream" Authorization="Bea..." Cookie="ARRAffinity=79f58c845a530d4729e36f82f361926dbaed21889577ab18ea9dff5906ee61d3;Path=/;HttpOnly;Secure;Domain=gomokuai-b7f4fxc7eagkb2gk.scm.southeastasia-01.azurewebsites.net; ARRAffinitySameSite=79f58c845a530d4729e36f82f361926dbaed21889577ab18ea9dff5906ee61d3;Path=/;HttpOnly;SameSite=None;Secure;Domain=gomokuai-b7f4fxc7eagkb2gk.scm.southeastasia-01.azurewebsites.net" Host="gomokuai-b7f4fxc7eagkb2gk.scm.southeastasia-01.azurewebsites.net" User-Agent="GITHUBACTIONS_DeployWebAppToAzure_90de1ec77cc7e6ed13504163547a32a4f55fe8a01dda5b39461d13ae3e1b9ee7" X-ARR-LOG-ID="f4526e1f-f92b-422f-96d8-5f88ac2ac66f" CLIENT-IP="135.232.201.225:20488" X-SITE-DEPLOYMENT-ID="gomokuai" WAS-DEFAULT-HOSTNAME="gomokuai-b7f4fxc7eagkb2gk.scm.southeastasia-01.azurewebsites.net" X-Forwarded-Proto="https" X-AppService-Proto="https" X-Forwarded-TlsVersion="1.3" X-WAWS-Unencoded-URL="/api/publish?async=true&amp;deployer=GITHUB_ONE_DEPLOY&amp;type=zip&amp;message=%7B%22type%22%3A%22deployment%22%2C%22sha%22%3A%22b83f6fe4ccdb7a48308d0bbdfe8cd6b935686f60%22%2C%22repoName%22%3A%22matrixgoh%2FGomoku-AI%22%2C%22actor%22%3A%22matrixgoh%22%2C%22slotName%22%3A%22production%22%2C%22commitMessage%22%3A%22%F0%9F%94%A7%20Fix%20API%20route%20order%20-%20move%20health%20endpoint%20before%20catch-all%5Cn%5Cn-%20Move%20%2Fapi%2Fhealth%20endpoint%20before%20catch-all%20route%20(*)%5Cn-%20Prevents%20404%20errors%20on%20health%20check%20endpoint%5Cn-%20All%20API%20endpoints%20now%20accessible%20and%20working%20correctly%5Cn-%20Local%20testing%20confirmed%20all%20endpoints%20working%22%7D" >
  <step title="OneDeploy" date="2025-10-26T09:01:18.597" >
    <step title="Starting PushDeployAsync" date="2025-10-26T09:01:18.629" /><!-- duration: 16ms -->
    <step title="Updating shutdown sentinel last write time" date="2025-10-26T09:01:18.691" SemaphoreCount="7" /><!-- duration: 0ms -->
    <step title="LockFile &apos;C:\home\site\locks\deployments.lock&apos; acquired" date="2025-10-26T09:01:18.691" /><!-- duration: 16ms -->
    <step title="Saving request content to C:\local\Temp\zipdeploy\k1cekgss.zip" date="2025-10-26T09:01:18.707" >
      <step title="Total 5,389,588 bytes written to C:\local\Temp\zipdeploy\k1cekgss.zip" date="2025-10-26T09:01:19.785" /><!-- duration: 16ms -->
    </step><!-- duration: 1094ms -->
    <step title="LockFile &apos;C:\home\site\locks\deployments.lock&apos; released" date="2025-10-26T09:01:19.816" /><!-- duration: 0ms -->
    <step title="Deleting shutdown sentinel file" date="2025-10-26T09:01:19.816" SemaphoreCount="8" /><!-- duration: 16ms -->
    <step title="Starting FetchDeploy" date="2025-10-26T09:01:19.847" /><!-- duration: 0ms -->
    <step title="Start deployment in the background" date="2025-10-26T09:01:19.847" /><!-- duration: 125ms -->
  </step><!-- duration: 1375ms -->
  <step title="Outgoing response" date="2025-10-26T09:01:19.972" type="response" statusCode="202" statusText="Accepted" Server="Microsoft-IIS/10.0" x-ms-request-id="f4526e1f-f92b-422f-96d8-5f88ac2ac66f" Retry-After="30" Cache-Control="private" X-AspNet-Version="4.0.30319" Location="https://gomokuai-b7f4fxc7eagkb2gk.scm.southeastasia-01.azurewebsites.net/api/deployments/latest?deployer=OneDeploy&amp;time=2025-10-26_09-01-19Z" /><!-- duration: 16ms -->
</step><!-- duration: 1609ms -->
