<step title="BackgroundTrace" date="2025-10-26T09:01:19.863" instance="79f58c" url="/api/publish" method="POST" >
  <step title="Updating shutdown sentinel last write time" date="2025-10-26T09:01:19.863" SemaphoreCount="7" /><!-- duration: 16ms -->
  <step title="LockFile &apos;C:\home\site\locks\deployments.lock&apos; acquired" date="2025-10-26T09:01:19.879" /><!-- duration: 15ms -->
  <step title="Creating temporary deployment" date="2025-10-26T09:01:19.894" /><!-- duration: 63ms -->
  <step title="Performing fetch based deployment" date="2025-10-26T09:01:19.972" >
    <step title="Fetching changes." date="2025-10-26T09:01:20.035" /><!-- duration: 16ms -->
    <step title="Starting LocalZipHandler" date="2025-10-26T09:01:20.050" /><!-- duration: 16ms -->
    <step title="Cleaning up temp folders from previous zip deployments and extracting pushed zip file C:\local\Temp\zipdeploy\k1cekgss.zip (5.14 MB) to C:\local\Temp\zipdeploy\extracted" date="2025-10-26T09:01:20.097" /><!-- duration: 0ms -->
    <step title="Cleaning up temp folders from previous zip deployments and extracting pushed zip file C:\local\Temp\zipdeploy\k1cekgss.zip (5.14 MB) to C:\local\Temp\zipdeploy\extracted" date="2025-10-26T09:01:20.097" >
      <step title="Extracting 1185 entries to C:\local\Temp\zipdeploy\extracted directory" date="2025-10-26T09:01:20.129" >
        <step title="Extracting to C:\local\Temp\zipdeploy\extracted\deploy.cmd ..." date="2025-10-26T09:01:20.129" /><!-- duration: 16ms -->
        <step title="Extracting to C:\local\Temp\zipdeploy\extracted\iisnode.yml ..." date="2025-10-26T09:01:20.144" /><!-- duration: 16ms -->
        <step title="Extracting to C:\local\Temp\zipdeploy\extracted\package-lock.json ..." date="2025-10-26T09:01:20.160" /><!-- duration: 16ms -->
        <step title="Extracting to C:\local\Temp\zipdeploy\extracted\package.json ..." date="2025-10-26T09:01:20.175" /><!-- duration: 0ms -->
        <step title="Extracting to C:\local\Temp\zipdeploy\extracted\server.js ..." date="2025-10-26T09:01:20.191" /><!-- duration: 0ms -->
        <step title="Omitting extracting file traces ..." date="2025-10-26T09:01:20.191" /><!-- duration: 16ms -->
      </step><!-- duration: 797ms -->
    </step><!-- duration: 828ms -->
    <step title="Before sending BuildRequestReceived status to /api/updatedeploystatus" date="2025-10-26T09:01:20.941" /><!-- duration: 0ms -->
    <step title="DeploymentManager.Deploy(id:7a64405b05b64ea8a6af088ac5f148ec)" date="2025-10-26T09:01:20.941" >
      <step title="Collecting changeset information" date="2025-10-26T09:01:20.957" /><!-- duration: 31ms -->
      <step title="Updating submodules" date="2025-10-26T09:01:21.004" >
        <step title="Updating submodules." date="2025-10-26T09:01:21.051" /><!-- duration: 0ms -->
      </step><!-- duration: 63ms -->
      <step title="Preparing deployment for commit id &apos;7a64405b05&apos;." date="2025-10-26T09:01:21.113" /><!-- duration: 0ms -->
      <step title="Determining deployment builder" date="2025-10-26T09:01:21.160" >
        <step title="Builder is OneDeployBuilder" date="2025-10-26T09:01:21.160" /><!-- duration: 16ms -->
      </step><!-- duration: 16ms -->
      <step title="Copying SSH keys" date="2025-10-26T09:01:21.191" /><!-- duration: 16ms -->
      <step title="Building" date="2025-10-26T09:01:21.207" >
        <step title="Running build. Project type: OneDeploy" date="2025-10-26T09:01:21.254" /><!-- duration: 0ms -->
        <step title="Copying the manifest" date="2025-10-26T09:01:21.301" /><!-- duration: 0ms -->
        <step title="Clean deploying to C:\home\site\wwwroot" date="2025-10-26T09:01:21.363" /><!-- duration: 16ms -->
        <step title="Generating deployment script." date="2025-10-26T09:01:21.410" /><!-- duration: 16ms -->
        <step title="Generating deployment script" date="2025-10-26T09:01:21.426" >
          <step title="Using cached version of the deployment script for command: -y --no-dot-deployment -r &quot;C:\local\Temp\zipdeploy\extracted&quot; -o &quot;C:\home\site\deployments\tools&quot; --basic --sitePath &quot;C:\local\Temp\zipdeploy\extracted&quot;" date="2025-10-26T09:01:21.472" /><!-- duration: 0ms -->
          <step title="Using cached version of deployment script (command: &apos;azure -y --no-dot-deployment -r &quot;C:\local\Temp\zipdeploy\extracted&quot; -o &quot;C:\home\site\deployments\tools&quot; --basic --sitePath &quot;C:\local\Temp\zipdeploy\extracted&quot;&apos;)." date="2025-10-26T09:01:21.504" /><!-- duration: 0ms -->
        </step><!-- duration: 78ms -->
        <step title="Running deployment command..." date="2025-10-26T09:01:21.551" /><!-- duration: 0ms -->
        <step title="Command: &quot;C:\home\site\deployments\tools\deploy.cmd&quot;" date="2025-10-26T09:01:21.566" /><!-- duration: 16ms -->
        <step title="Executing external process" date="2025-10-26T09:01:21.597" type="process" path="starter.cmd" arguments="&quot;C:\home\site\deployments\tools\deploy.cmd&quot;" >
          <step title="Handling Basic Web Site deployment." date="2025-10-26T09:01:21.722" /><!-- duration: 16ms -->
          <step title="Creating app_offline.htm" date="2025-10-26T09:01:22.019" /><!-- duration: 16ms -->
          <step title="KuduSync.NET from: &apos;C:\local\Temp\zipdeploy\extracted&apos; to: &apos;C:\home\site\wwwroot&apos;" date="2025-10-26T09:01:22.051" /><!-- duration: 0ms -->
          <step title="Copying file: &apos;iisnode.yml&apos;" date="2025-10-26T09:01:22.066" /><!-- duration: 0ms -->
          <step title="Copying file: &apos;package-lock.json&apos;" date="2025-10-26T09:01:22.082" /><!-- duration: 0ms -->
          <step title="Copying file: &apos;package.json&apos;" date="2025-10-26T09:01:22.097" /><!-- duration: 0ms -->
          <step title="Copying file: &apos;server.js&apos;" date="2025-10-26T09:01:22.097" /><!-- duration: 16ms -->
          <step title="Copying file: &apos;startup.sh&apos;" date="2025-10-26T09:01:22.113" /><!-- duration: 16ms -->
          <step title="Copying file: &apos;node_modules\@google\genai\LICENSE&apos;" date="2025-10-26T09:01:22.144" /><!-- duration: 0ms -->
          <step title="Copying file: &apos;node_modules\@google\genai\package.json&apos;" date="2025-10-26T09:01:22.160" /><!-- duration: 0ms -->
          <step title="Copying file: &apos;node_modules\@google\genai\README.md&apos;" date="2025-10-26T09:01:22.176" /><!-- duration: 0ms -->
          <step title="Copying file: &apos;node_modules\@google\genai\dist\genai.d.ts&apos;" date="2025-10-26T09:01:22.191" /><!-- duration: 0ms -->
          <step title="Copying file: &apos;node_modules\@google\genai\dist\index.cjs&apos;" date="2025-10-26T09:01:22.207" /><!-- duration: 0ms -->
          <step title="Copying file: &apos;node_modules\@google\genai\dist\index.mjs&apos;" date="2025-10-26T09:01:22.222" /><!-- duration: 0ms -->
          <step title="Copying file: &apos;node_modules\@google\genai\dist\index.mjs.map&apos;" date="2025-10-26T09:01:22.222" /><!-- duration: 16ms -->
          <step title="Copying file: &apos;node_modules\@google\genai\dist\node\index.cjs&apos;" date="2025-10-26T09:01:22.254" /><!-- duration: 0ms -->
          <step title="Copying file: &apos;node_modules\@google\genai\dist\node\index.mjs&apos;" date="2025-10-26T09:01:22.269" /><!-- duration: 0ms -->
          <step title="Copying file: &apos;node_modules\@google\genai\dist\node\index.mjs.map&apos;" date="2025-10-26T09:01:22.285" /><!-- duration: 0ms -->
          <step title="Copying file: &apos;node_modules\@google\genai\dist\node\node.d.ts&apos;" date="2025-10-26T09:01:22.301" /><!-- duration: 0ms -->
          <step title="Copying file: &apos;node_modules\@google\genai\dist\web\index.mjs&apos;" date="2025-10-26T09:01:22.316" /><!-- duration: 0ms -->
          <step title="Copying file: &apos;node_modules\@google\genai\dist\web\index.mjs.map&apos;" date="2025-10-26T09:01:22.316" /><!-- duration: 16ms -->
          <step title="Copying file: &apos;node_modules\@google\genai\dist\web\web.d.ts&apos;" date="2025-10-26T09:01:22.332" /><!-- duration: 16ms -->
          <step title="Copying file: &apos;node_modules\@google\genai\node\package.json&apos;" date="2025-10-26T09:01:22.363" /><!-- duration: 0ms -->
          <step title="Copying file: &apos;node_modules\@google\genai\web\package.json&apos;" date="2025-10-26T09:01:22.379" /><!-- duration: 0ms -->
          <step title="Copying file: &apos;node_modules\accepts\HISTORY.md&apos;" date="2025-10-26T09:01:22.379" /><!-- duration: 16ms -->
          <step title="Copying file: &apos;node_modules\accepts\index.js&apos;" date="2025-10-26T09:01:22.394" /><!-- duration: 16ms -->
          <step title="Copying file: &apos;node_modules\accepts\LICENSE&apos;" date="2025-10-26T09:01:22.410" /><!-- duration: 16ms -->
          <step title="Copying file: &apos;node_modules\accepts\package.json&apos;" date="2025-10-26T09:01:22.426" /><!-- duration: 0ms -->
          <step title="Copying file: &apos;node_modules\accepts\README.md&apos;" date="2025-10-26T09:01:22.441" /><!-- duration: 0ms -->
          <step title="Copying file: &apos;node_modules\agent-base\LICENSE&apos;" date="2025-10-26T09:01:22.457" /><!-- duration: 0ms -->
          <step title="Copying file: &apos;node_modules\agent-base\package.json&apos;" date="2025-10-26T09:01:22.472" /><!-- duration: 16ms -->
          <step title="Copying file: &apos;node_modules\agent-base\README.md&apos;" date="2025-10-26T09:01:22.488" /><!-- duration: 16ms -->
          <step title="Copying file: &apos;node_modules\agent-base\dist\helpers.d.ts&apos;" date="2025-10-26T09:01:22.504" /><!-- duration: 16ms -->
          <step title="Copying file: &apos;node_modules\agent-base\dist\helpers.d.ts.map&apos;" date="2025-10-26T09:01:22.519" /><!-- duration: 0ms -->
          <step title="Copying file: &apos;node_modules\agent-base\dist\helpers.js&apos;" date="2025-10-26T09:01:22.535" /><!-- duration: 0ms -->
          <step title="Copying file: &apos;node_modules\agent-base\dist\helpers.js.map&apos;" date="2025-10-26T09:01:22.551" /><!-- duration: 0ms -->
          <step title="Copying file: &apos;node_modules\agent-base\dist\index.d.ts&apos;" date="2025-10-26T09:01:22.566" /><!-- duration: 0ms -->
          <step title="Copying file: &apos;node_modules\agent-base\dist\index.d.ts.map&apos;" date="2025-10-26T09:01:22.582" /><!-- duration: 0ms -->
          <step title="Copying file: &apos;node_modules\agent-base\dist\index.js&apos;" date="2025-10-26T09:01:22.597" /><!-- duration: 0ms -->
          <step title="Copying file: &apos;node_modules\agent-base\dist\index.js.map&apos;" date="2025-10-26T09:01:22.613" /><!-- duration: 0ms -->
          <step title="Copying file: &apos;node_modules\array-flatten\array-flatten.js&apos;" date="2025-10-26T09:01:22.629" /><!-- duration: 0ms -->
          <step title="Copying file: &apos;node_modules\array-flatten\LICENSE&apos;" date="2025-10-26T09:01:22.644" /><!-- duration: 0ms -->
          <step title="Copying file: &apos;node_modules\array-flatten\package.json&apos;" date="2025-10-26T09:01:22.660" /><!-- duration: 0ms -->
          <step title="Copying file: &apos;node_modules\array-flatten\README.md&apos;" date="2025-10-26T09:01:22.676" /><!-- duration: 16ms -->
          <step title="Copying file: &apos;node_modules\base64-js\base64js.min.js&apos;" date="2025-10-26T09:01:22.707" /><!-- duration: 0ms -->
          <step title="Copying file: &apos;node_modules\base64-js\index.d.ts&apos;" date="2025-10-26T09:01:22.722" /><!-- duration: 0ms -->
          <step title="Copying file: &apos;node_modules\base64-js\index.js&apos;" date="2025-10-26T09:01:22.738" /><!-- duration: 0ms -->
          <step title="Copying file: &apos;node_modules\base64-js\LICENSE&apos;" date="2025-10-26T09:01:22.754" /><!-- duration: 0ms -->
          <step title="Copying file: &apos;node_modules\base64-js\package.json&apos;" date="2025-10-26T09:01:22.769" /><!-- duration: 0ms -->
          <step title="Copying file: &apos;node_modules\base64-js\README.md&apos;" date="2025-10-26T09:01:22.785" /><!-- duration: 0ms -->
          <step title="Copying file: &apos;node_modules\bignumber.js\bignumber.d.mts&apos;" date="2025-10-26T09:01:22.801" /><!-- duration: 0ms -->
          <step title="Omitting next output lines..." date="2025-10-26T09:01:22.801" /><!-- duration: 16ms -->
          <step title="Finished successfully." date="2025-10-26T09:01:30.473" /><!-- duration: 0ms -->
        </step><!-- duration: 8891ms -->
        <step title="Build completed succesfully." date="2025-10-26T09:01:30.535" /><!-- duration: 0ms -->
        <step title="Running post deployment command(s)..." date="2025-10-26T09:01:30.582" /><!-- duration: 0ms -->
        <step title="Requesting site restart" date="2025-10-26T09:01:30.629" /><!-- duration: 16ms -->
        <step title="Requesting site restart" date="2025-10-26T09:01:30.645" /><!-- duration: 0ms -->
        <step title="Requesting site restart. Attempt #1" date="2025-10-26T09:01:30.692" /><!-- duration: 0ms -->
        <step title="Requesting site restart. Attempt #1" date="2025-10-26T09:01:30.707" /><!-- duration: 0ms -->
        <step title="Successfully requested a restart. Attempt #1" date="2025-10-26T09:01:31.020" /><!-- duration: 0ms -->
        <step title="Successfully requested a restart. Attempt #1" date="2025-10-26T09:01:31.035" /><!-- duration: 0ms -->
        <step title="Deployment successful. DEPLOYMENTINFO: deploymentPath = OneDeploy, deployer = OneDeploy, os = windows, sku = Free, siteName = gomokuai, siteHostName = gomokuai-b7f4fxc7eagkb2gk.southeastasia-01.azurewebsites.net, deploymentStatus = Success" date="2025-10-26T09:01:31.082" /><!-- duration: 16ms -->
      </step><!-- duration: 10001ms -->
    </step><!-- duration: 10266ms -->
    <step title="Cleaning up temp files" date="2025-10-26T09:01:31.207" /><!-- duration: 16ms -->
    <step title="Skip function trigger and logicapp sync because function is not enabled." date="2025-10-26T09:01:31.223" /><!-- duration: 0ms -->
  </step><!-- duration: 11282ms -->
  <step title="LockFile &apos;C:\home\site\locks\deployments.lock&apos; released" date="2025-10-26T09:01:31.254" /><!-- duration: 0ms -->
  <step title="Deleting shutdown sentinel file" date="2025-10-26T09:01:31.270" SemaphoreCount="8" /><!-- duration: 0ms -->
</step><!-- duration: 11407ms -->
