<step title="Incoming Request" date="2025-10-26T08:46:50.407" instance="79f58c" url="/api/publish?async=true&amp;deployer=GITHUB_ONE_DEPLOY&amp;type=zip&amp;message=%7B%22type%22%3A%22deployment%22%2C%22sha%22%3A%22319d4b79055e23fd9e36755aedca9e01b30499f8%22%2C%22repoName%22%3A%22matrixgoh%2FGomoku-AI%22%2C%22actor%22%3A%22matrixgoh%22%2C%22slotName%22%3A%22production%22%2C%22commitMessage%22%3A%22%F0%9F%94%A7%20Fix%20Azure%20runtime%20errors%20and%20improve%20diagnostics%5Cn%5Cn-%20Add%20comprehensive%20error%20handling%20and%20startup%20logging%5Cn-%20Create%20iisnode.yml%20for%20Azure-specific%20configuration%5Cn-%20Enhance%20web.config%20with%20production%20settings%20and%20security%20headers%5Cn-%20Add%20file%20system%20checks%20for%20public%20directory%20and%20assets%5Cn-%20Improve%20error%20reporting%20for%20troubleshooting%20deployment%20issues%5Cn-%20Add%20global%20exception%20handlers%20to%20prevent%20silent%20failures%22%7D" method="POST" type="request" pid="5744,2,21" Transfer-Encoding="chunked" Content-Type="application/octet-stream" Authorization="Bea..." Cookie="ARRAffinity=79f58c845a530d4729e36f82f361926dbaed21889577ab18ea9dff5906ee61d3;Path=/;HttpOnly;Secure;Domain=gomokuai-b7f4fxc7eagkb2gk.scm.southeastasia-01.azurewebsites.net; ARRAffinitySameSite=79f58c845a530d4729e36f82f361926dbaed21889577ab18ea9dff5906ee61d3;Path=/;HttpOnly;SameSite=None;Secure;Domain=gomokuai-b7f4fxc7eagkb2gk.scm.southeastasia-01.azurewebsites.net" Host="gomokuai-b7f4fxc7eagkb2gk.scm.southeastasia-01.azurewebsites.net" User-Agent="GITHUBACTIONS_DeployWebAppToAzure_90de1ec77cc7e6ed13504163547a32a4f55fe8a01dda5b39461d13ae3e1b9ee7" X-ARR-LOG-ID="76c1bc7d-d078-4811-8e20-6ee962f7813c" CLIENT-IP="128.24.160.230:30720" X-SITE-DEPLOYMENT-ID="gomokuai" WAS-DEFAULT-HOSTNAME="gomokuai-b7f4fxc7eagkb2gk.scm.southeastasia-01.azurewebsites.net" X-Forwarded-Proto="https" X-AppService-Proto="https" X-Forwarded-TlsVersion="1.3" X-WAWS-Unencoded-URL="/api/publish?async=true&amp;deployer=GITHUB_ONE_DEPLOY&amp;type=zip&amp;message=%7B%22type%22%3A%22deployment%22%2C%22sha%22%3A%22319d4b79055e23fd9e36755aedca9e01b30499f8%22%2C%22repoName%22%3A%22matrixgoh%2FGomoku-AI%22%2C%22actor%22%3A%22matrixgoh%22%2C%22slotName%22%3A%22production%22%2C%22commitMessage%22%3A%22%F0%9F%94%A7%20Fix%20Azure%20runtime%20errors%20and%20improve%20diagnostics%5Cn%5Cn-%20Add%20comprehensive%20error%20handling%20and%20startup%20logging%5Cn-%20Create%20iisnode.yml%20for%20Azure-specific%20configuration%5Cn-%20Enhance%20web.config%20with%20production%20settings%20and%20security%20headers%5Cn-%20Add%20file%20system%20checks%20for%20public%20directory%20and%20assets%5Cn-%20Improve%20error%20reporting%20for%20troubleshooting%20deployment%20issues%5Cn-%20Add%20global%20exception%20handlers%20to%20prevent%20silent%20failures%22%7D" >
  <step title="OneDeploy" date="2025-10-26T08:46:50.579" >
    <step title="Starting PushDeployAsync" date="2025-10-26T08:46:50.579" /><!-- duration: 16ms -->
    <step title="Updating shutdown sentinel last write time" date="2025-10-26T08:46:50.610" SemaphoreCount="7" /><!-- duration: 0ms -->
    <step title="LockFile &apos;C:\home\site\locks\deployments.lock&apos; acquired" date="2025-10-26T08:46:50.626" /><!-- duration: 16ms -->
    <step title="Saving request content to C:\local\Temp\zipdeploy\tv5apzhf.zip" date="2025-10-26T08:46:50.642" >
      <step title="Total 5,389,594 bytes written to C:\local\Temp\zipdeploy\tv5apzhf.zip" date="2025-10-26T08:46:51.657" /><!-- duration: 0ms -->
    </step><!-- duration: 1031ms -->
    <step title="LockFile &apos;C:\home\site\locks\deployments.lock&apos; released" date="2025-10-26T08:46:51.673" /><!-- duration: 16ms -->
    <step title="Deleting shutdown sentinel file" date="2025-10-26T08:46:51.689" SemaphoreCount="8" /><!-- duration: 0ms -->
    <step title="Starting FetchDeploy" date="2025-10-26T08:46:51.704" /><!-- duration: 0ms -->
    <step title="Start deployment in the background" date="2025-10-26T08:46:51.720" /><!-- duration: 94ms -->
  </step><!-- duration: 1234ms -->
  <step title="Outgoing response" date="2025-10-26T08:46:51.829" type="response" statusCode="202" statusText="Accepted" Server="Microsoft-IIS/10.0" x-ms-request-id="76c1bc7d-d078-4811-8e20-6ee962f7813c" Retry-After="30" Cache-Control="private" X-AspNet-Version="4.0.30319" Location="https://gomokuai-b7f4fxc7eagkb2gk.scm.southeastasia-01.azurewebsites.net/api/deployments/latest?deployer=OneDeploy&amp;time=2025-10-26_08-46-51Z" /><!-- duration: 0ms -->
</step><!-- duration: 1422ms -->
