<step title="BackgroundTrace" date="2025-10-26T08:46:51.720" instance="79f58c" url="/api/publish" method="POST" >
  <step title="Updating shutdown sentinel last write time" date="2025-10-26T08:46:51.736" SemaphoreCount="7" /><!-- duration: 0ms -->
  <step title="LockFile &apos;C:\home\site\locks\deployments.lock&apos; acquired" date="2025-10-26T08:46:51.751" /><!-- duration: 0ms -->
  <step title="Creating temporary deployment" date="2025-10-26T08:46:51.751" /><!-- duration: 63ms -->
  <step title="Performing fetch based deployment" date="2025-10-26T08:46:51.814" >
    <step title="Fetching changes." date="2025-10-26T08:46:51.876" /><!-- duration: 16ms -->
    <step title="Starting LocalZipHandler" date="2025-10-26T08:46:51.907" /><!-- duration: 0ms -->
    <step title="Cleaning up temp folders from previous zip deployments and extracting pushed zip file C:\local\Temp\zipdeploy\tv5apzhf.zip (5.14 MB) to C:\local\Temp\zipdeploy\extracted" date="2025-10-26T08:46:51.939" /><!-- duration: 16ms -->
    <step title="Cleaning up temp folders from previous zip deployments and extracting pushed zip file C:\local\Temp\zipdeploy\tv5apzhf.zip (5.14 MB) to C:\local\Temp\zipdeploy\extracted" date="2025-10-26T08:46:51.954" >
      <step title="Extracting 1185 entries to C:\local\Temp\zipdeploy\extracted directory" date="2025-10-26T08:46:51.970" >
        <step title="Extracting to C:\local\Temp\zipdeploy\extracted\deploy.cmd ..." date="2025-10-26T08:46:51.986" /><!-- duration: 16ms -->
        <step title="Extracting to C:\local\Temp\zipdeploy\extracted\iisnode.yml ..." date="2025-10-26T08:46:52.001" /><!-- duration: 0ms -->
        <step title="Extracting to C:\local\Temp\zipdeploy\extracted\package-lock.json ..." date="2025-10-26T08:46:52.017" /><!-- duration: 0ms -->
        <step title="Extracting to C:\local\Temp\zipdeploy\extracted\package.json ..." date="2025-10-26T08:46:52.032" /><!-- duration: 0ms -->
        <step title="Extracting to C:\local\Temp\zipdeploy\extracted\server.js ..." date="2025-10-26T08:46:52.048" /><!-- duration: 0ms -->
        <step title="Omitting extracting file traces ..." date="2025-10-26T08:46:52.048" /><!-- duration: 16ms -->
      </step><!-- duration: 813ms -->
    </step><!-- duration: 844ms -->
    <step title="Before sending BuildRequestReceived status to /api/updatedeploystatus" date="2025-10-26T08:46:52.798" /><!-- duration: 0ms -->
    <step title="DeploymentManager.Deploy(id:a9660e4f2118434f980fa49d64426f6a)" date="2025-10-26T08:46:52.814" >
      <step title="Collecting changeset information" date="2025-10-26T08:46:52.814" /><!-- duration: 47ms -->
      <step title="Updating submodules" date="2025-10-26T08:46:52.876" >
        <step title="Updating submodules." date="2025-10-26T08:46:52.923" /><!-- duration: 0ms -->
      </step><!-- duration: 47ms -->
      <step title="Preparing deployment for commit id &apos;a9660e4f21&apos;." date="2025-10-26T08:46:52.986" /><!-- duration: 0ms -->
      <step title="Determining deployment builder" date="2025-10-26T08:46:53.032" >
        <step title="Builder is OneDeployBuilder" date="2025-10-26T08:46:53.032" /><!-- duration: 0ms -->
      </step><!-- duration: 16ms -->
      <step title="Copying SSH keys" date="2025-10-26T08:46:53.064" /><!-- duration: 16ms -->
      <step title="Building" date="2025-10-26T08:46:53.079" >
        <step title="Running build. Project type: OneDeploy" date="2025-10-26T08:46:53.126" /><!-- duration: 0ms -->
        <step title="Copying the manifest" date="2025-10-26T08:46:53.173" /><!-- duration: 16ms -->
        <step title="Clean deploying to C:\home\site\wwwroot" date="2025-10-26T08:46:53.236" /><!-- duration: 16ms -->
        <step title="Generating deployment script." date="2025-10-26T08:46:53.282" /><!-- duration: 16ms -->
        <step title="Generating deployment script" date="2025-10-26T08:46:53.298" >
          <step title="Using cached version of the deployment script for command: -y --no-dot-deployment -r &quot;C:\local\Temp\zipdeploy\extracted&quot; -o &quot;C:\home\site\deployments\tools&quot; --basic --sitePath &quot;C:\local\Temp\zipdeploy\extracted&quot;" date="2025-10-26T08:46:53.345" /><!-- duration: 0ms -->
          <step title="Using cached version of deployment script (command: &apos;azure -y --no-dot-deployment -r &quot;C:\local\Temp\zipdeploy\extracted&quot; -o &quot;C:\home\site\deployments\tools&quot; --basic --sitePath &quot;C:\local\Temp\zipdeploy\extracted&quot;&apos;)." date="2025-10-26T08:46:53.376" /><!-- duration: 0ms -->
        </step><!-- duration: 78ms -->
        <step title="Running deployment command..." date="2025-10-26T08:46:53.439" /><!-- duration: 0ms -->
        <step title="Command: &quot;C:\home\site\deployments\tools\deploy.cmd&quot;" date="2025-10-26T08:46:53.439" /><!-- duration: 16ms -->
        <step title="Executing external process" date="2025-10-26T08:46:53.454" type="process" path="starter.cmd" arguments="&quot;C:\home\site\deployments\tools\deploy.cmd&quot;" >
          <step title="Handling Basic Web Site deployment." date="2025-10-26T08:46:53.595" /><!-- duration: 16ms -->
          <step title="Creating app_offline.htm" date="2025-10-26T08:46:53.876" /><!-- duration: 0ms -->
          <step title="KuduSync.NET from: &apos;C:\local\Temp\zipdeploy\extracted&apos; to: &apos;C:\home\site\wwwroot&apos;" date="2025-10-26T08:46:53.892" /><!-- duration: 0ms -->
          <step title="Copying file: &apos;iisnode.yml&apos;" date="2025-10-26T08:46:53.892" /><!-- duration: 16ms -->
          <step title="Copying file: &apos;package-lock.json&apos;" date="2025-10-26T08:46:53.908" /><!-- duration: 16ms -->
          <step title="Copying file: &apos;package.json&apos;" date="2025-10-26T08:46:53.923" /><!-- duration: 16ms -->
          <step title="Copying file: &apos;server.js&apos;" date="2025-10-26T08:46:53.939" /><!-- duration: 16ms -->
          <step title="Copying file: &apos;startup.sh&apos;" date="2025-10-26T08:46:53.954" /><!-- duration: 16ms -->
          <step title="Copying file: &apos;node_modules\@google\genai\LICENSE&apos;" date="2025-10-26T08:46:53.970" /><!-- duration: 16ms -->
          <step title="Copying file: &apos;node_modules\@google\genai\package.json&apos;" date="2025-10-26T08:46:53.986" /><!-- duration: 0ms -->
          <step title="Copying file: &apos;node_modules\@google\genai\README.md&apos;" date="2025-10-26T08:46:54.001" /><!-- duration: 0ms -->
          <step title="Copying file: &apos;node_modules\@google\genai\dist\genai.d.ts&apos;" date="2025-10-26T08:46:54.017" /><!-- duration: 0ms -->
          <step title="Copying file: &apos;node_modules\@google\genai\dist\index.cjs&apos;" date="2025-10-26T08:46:54.033" /><!-- duration: 0ms -->
          <step title="Copying file: &apos;node_modules\@google\genai\dist\index.mjs&apos;" date="2025-10-26T08:46:54.048" /><!-- duration: 0ms -->
          <step title="Copying file: &apos;node_modules\@google\genai\dist\index.mjs.map&apos;" date="2025-10-26T08:46:54.064" /><!-- duration: 16ms -->
          <step title="Copying file: &apos;node_modules\@google\genai\dist\node\index.cjs&apos;" date="2025-10-26T08:46:54.079" /><!-- duration: 16ms -->
          <step title="Copying file: &apos;node_modules\@google\genai\dist\node\index.mjs&apos;" date="2025-10-26T08:46:54.095" /><!-- duration: 16ms -->
          <step title="Copying file: &apos;node_modules\@google\genai\dist\node\index.mjs.map&apos;" date="2025-10-26T08:46:54.111" /><!-- duration: 16ms -->
          <step title="Copying file: &apos;node_modules\@google\genai\dist\node\node.d.ts&apos;" date="2025-10-26T08:46:54.126" /><!-- duration: 0ms -->
          <step title="Copying file: &apos;node_modules\@google\genai\dist\web\index.mjs&apos;" date="2025-10-26T08:46:54.142" /><!-- duration: 0ms -->
          <step title="Copying file: &apos;node_modules\@google\genai\dist\web\index.mjs.map&apos;" date="2025-10-26T08:46:54.158" /><!-- duration: 0ms -->
          <step title="Copying file: &apos;node_modules\@google\genai\dist\web\web.d.ts&apos;" date="2025-10-26T08:46:54.173" /><!-- duration: 16ms -->
          <step title="Copying file: &apos;node_modules\@google\genai\node\package.json&apos;" date="2025-10-26T08:46:54.189" /><!-- duration: 16ms -->
          <step title="Copying file: &apos;node_modules\@google\genai\web\package.json&apos;" date="2025-10-26T08:46:54.204" /><!-- duration: 16ms -->
          <step title="Copying file: &apos;node_modules\accepts\HISTORY.md&apos;" date="2025-10-26T08:46:54.220" /><!-- duration: 16ms -->
          <step title="Copying file: &apos;node_modules\accepts\index.js&apos;" date="2025-10-26T08:46:54.236" /><!-- duration: 16ms -->
          <step title="Copying file: &apos;node_modules\accepts\LICENSE&apos;" date="2025-10-26T08:46:54.251" /><!-- duration: 0ms -->
          <step title="Copying file: &apos;node_modules\accepts\package.json&apos;" date="2025-10-26T08:46:54.267" /><!-- duration: 0ms -->
          <step title="Copying file: &apos;node_modules\accepts\README.md&apos;" date="2025-10-26T08:46:54.283" /><!-- duration: 0ms -->
          <step title="Copying file: &apos;node_modules\agent-base\LICENSE&apos;" date="2025-10-26T08:46:54.298" /><!-- duration: 0ms -->
          <step title="Copying file: &apos;node_modules\agent-base\package.json&apos;" date="2025-10-26T08:46:54.314" /><!-- duration: 0ms -->
          <step title="Copying file: &apos;node_modules\agent-base\README.md&apos;" date="2025-10-26T08:46:54.329" /><!-- duration: 0ms -->
          <step title="Copying file: &apos;node_modules\agent-base\dist\helpers.d.ts&apos;" date="2025-10-26T08:46:54.345" /><!-- duration: 0ms -->
          <step title="Copying file: &apos;node_modules\agent-base\dist\helpers.d.ts.map&apos;" date="2025-10-26T08:46:54.361" /><!-- duration: 0ms -->
          <step title="Copying file: &apos;node_modules\agent-base\dist\helpers.js&apos;" date="2025-10-26T08:46:54.376" /><!-- duration: 0ms -->
          <step title="Copying file: &apos;node_modules\agent-base\dist\helpers.js.map&apos;" date="2025-10-26T08:46:54.376" /><!-- duration: 16ms -->
          <step title="Copying file: &apos;node_modules\agent-base\dist\index.d.ts&apos;" date="2025-10-26T08:46:54.408" /><!-- duration: 0ms -->
          <step title="Copying file: &apos;node_modules\agent-base\dist\index.d.ts.map&apos;" date="2025-10-26T08:46:54.423" /><!-- duration: 0ms -->
          <step title="Copying file: &apos;node_modules\agent-base\dist\index.js&apos;" date="2025-10-26T08:46:54.439" /><!-- duration: 0ms -->
          <step title="Copying file: &apos;node_modules\agent-base\dist\index.js.map&apos;" date="2025-10-26T08:46:54.454" /><!-- duration: 0ms -->
          <step title="Copying file: &apos;node_modules\array-flatten\array-flatten.js&apos;" date="2025-10-26T08:46:54.470" /><!-- duration: 0ms -->
          <step title="Copying file: &apos;node_modules\array-flatten\LICENSE&apos;" date="2025-10-26T08:46:54.470" /><!-- duration: 16ms -->
          <step title="Copying file: &apos;node_modules\array-flatten\package.json&apos;" date="2025-10-26T08:46:54.486" /><!-- duration: 16ms -->
          <step title="Copying file: &apos;node_modules\array-flatten\README.md&apos;" date="2025-10-26T08:46:54.501" /><!-- duration: 16ms -->
          <step title="Copying file: &apos;node_modules\base64-js\base64js.min.js&apos;" date="2025-10-26T08:46:54.517" /><!-- duration: 16ms -->
          <step title="Copying file: &apos;node_modules\base64-js\index.d.ts&apos;" date="2025-10-26T08:46:54.533" /><!-- duration: 16ms -->
          <step title="Copying file: &apos;node_modules\base64-js\index.js&apos;" date="2025-10-26T08:46:54.548" /><!-- duration: 16ms -->
          <step title="Copying file: &apos;node_modules\base64-js\LICENSE&apos;" date="2025-10-26T08:46:54.564" /><!-- duration: 0ms -->
          <step title="Copying file: &apos;node_modules\base64-js\package.json&apos;" date="2025-10-26T08:46:54.580" /><!-- duration: 0ms -->
          <step title="Copying file: &apos;node_modules\base64-js\README.md&apos;" date="2025-10-26T08:46:54.595" /><!-- duration: 0ms -->
          <step title="Copying file: &apos;node_modules\bignumber.js\bignumber.d.mts&apos;" date="2025-10-26T08:46:54.611" /><!-- duration: 0ms -->
          <step title="Omitting next output lines..." date="2025-10-26T08:46:54.626" /><!-- duration: 0ms -->
          <step title="Finished successfully." date="2025-10-26T08:47:02.285" /><!-- duration: 0ms -->
        </step><!-- duration: 8846ms -->
        <step title="Build completed succesfully." date="2025-10-26T08:47:02.347" /><!-- duration: 0ms -->
        <step title="Running post deployment command(s)..." date="2025-10-26T08:47:02.394" /><!-- duration: 0ms -->
        <step title="Requesting site restart" date="2025-10-26T08:47:02.457" /><!-- duration: 0ms -->
        <step title="Requesting site restart" date="2025-10-26T08:47:02.457" /><!-- duration: 0ms -->
        <step title="Requesting site restart. Attempt #1" date="2025-10-26T08:47:02.504" /><!-- duration: 16ms -->
        <step title="Requesting site restart. Attempt #1" date="2025-10-26T08:47:02.519" /><!-- duration: 0ms -->
        <step title="Successfully requested a restart. Attempt #1" date="2025-10-26T08:47:02.847" /><!-- duration: 0ms -->
        <step title="Successfully requested a restart. Attempt #1" date="2025-10-26T08:47:02.863" /><!-- duration: 0ms -->
        <step title="Deployment successful. DEPLOYMENTINFO: deploymentPath = OneDeploy, deployer = OneDeploy, os = windows, sku = Free, siteName = gomokuai, siteHostName = gomokuai-b7f4fxc7eagkb2gk.southeastasia-01.azurewebsites.net, deploymentStatus = Success" date="2025-10-26T08:47:02.910" /><!-- duration: 0ms -->
      </step><!-- duration: 9956ms -->
    </step><!-- duration: 10221ms -->
    <step title="Cleaning up temp files" date="2025-10-26T08:47:03.051" /><!-- duration: 0ms -->
    <step title="Skip function trigger and logicapp sync because function is not enabled." date="2025-10-26T08:47:03.066" /><!-- duration: 0ms -->
  </step><!-- duration: 11268ms -->
  <step title="LockFile &apos;C:\home\site\locks\deployments.lock&apos; released" date="2025-10-26T08:47:03.097" /><!-- duration: 0ms -->
  <step title="Deleting shutdown sentinel file" date="2025-10-26T08:47:03.113" SemaphoreCount="8" /><!-- duration: 0ms -->
</step><!-- duration: 11393ms -->
