<step title="Incoming Request" date="2025-10-26T07:25:16.703" instance="79f58c" url="/api/publish?async=true&amp;deployer=GITHUB_ONE_DEPLOY&amp;type=zip&amp;message=%7B%22type%22%3A%22deployment%22%2C%22sha%22%3A%22311dfac0eece772e88ee4b5e53375fd4d65fcbcd%22%2C%22repoName%22%3A%22matrixgoh%2FGomoku-AI%22%2C%22actor%22%3A%22matrixgoh%22%2C%22slotName%22%3A%22Production%22%2C%22commitMessage%22%3A%22Add%20or%20update%20the%20Azure%20App%20Service%20build%20and%20deployment%20workflow%20config%22%7D" method="POST" type="request" pid="9348,2,14" Transfer-Encoding="chunked" Content-Type="application/octet-stream" Authorization="Bea..." Cookie="ARRAffinity=79f58c845a530d4729e36f82f361926dbaed21889577ab18ea9dff5906ee61d3;Path=/;HttpOnly;Secure;Domain=gomokuai-b7f4fxc7eagkb2gk.scm.southeastasia-01.azurewebsites.net; ARRAffinitySameSite=79f58c845a530d4729e36f82f361926dbaed21889577ab18ea9dff5906ee61d3;Path=/;HttpOnly;SameSite=None;Secure;Domain=gomokuai-b7f4fxc7eagkb2gk.scm.southeastasia-01.azurewebsites.net" Host="gomokuai-b7f4fxc7eagkb2gk.scm.southeastasia-01.azurewebsites.net" User-Agent="GITHUBACTIONS_DeployWebAppToAzure_90de1ec77cc7e6ed13504163547a32a4f55fe8a01dda5b39461d13ae3e1b9ee7" X-ARR-LOG-ID="ff194ceb-6d0b-4fa5-b02d-7c0b4e4134e7" CLIENT-IP="172.184.174.148:11296" X-SITE-DEPLOYMENT-ID="gomokuai" WAS-DEFAULT-HOSTNAME="gomokuai-b7f4fxc7eagkb2gk.scm.southeastasia-01.azurewebsites.net" X-Forwarded-Proto="https" X-AppService-Proto="https" X-Forwarded-TlsVersion="1.3" X-WAWS-Unencoded-URL="/api/publish?async=true&amp;deployer=GITHUB_ONE_DEPLOY&amp;type=zip&amp;message=%7B%22type%22%3A%22deployment%22%2C%22sha%22%3A%22311dfac0eece772e88ee4b5e53375fd4d65fcbcd%22%2C%22repoName%22%3A%22matrixgoh%2FGomoku-AI%22%2C%22actor%22%3A%22matrixgoh%22%2C%22slotName%22%3A%22Production%22%2C%22commitMessage%22%3A%22Add%20or%20update%20the%20Azure%20App%20Service%20build%20and%20deployment%20workflow%20config%22%7D" >
  <step title="OneDeploy" date="2025-10-26T07:25:16.906" >
    <step title="Starting PushDeployAsync" date="2025-10-26T07:25:16.922" /><!-- duration: 16ms -->
    <step title="Updating shutdown sentinel last write time" date="2025-10-26T07:25:16.969" SemaphoreCount="7" /><!-- duration: 0ms -->
    <step title="LockFile &apos;C:\home\site\locks\deployments.lock&apos; acquired" date="2025-10-26T07:25:16.984" /><!-- duration: 16ms -->
    <step title="Saving request content to C:\local\Temp\zipdeploy\y1qpawnx.zip" date="2025-10-26T07:25:17.000" >
      <step title="Total 24,748,501 bytes written to C:\local\Temp\zipdeploy\y1qpawnx.zip" date="2025-10-26T07:25:18.906" /><!-- duration: 16ms -->
    </step><!-- duration: 1922ms -->
    <step title="LockFile &apos;C:\home\site\locks\deployments.lock&apos; released" date="2025-10-26T07:25:18.937" /><!-- duration: 0ms -->
    <step title="Deleting shutdown sentinel file" date="2025-10-26T07:25:18.953" SemaphoreCount="8" /><!-- duration: 0ms -->
    <step title="Starting FetchDeploy" date="2025-10-26T07:25:18.953" /><!-- duration: 16ms -->
    <step title="Start deployment in the background" date="2025-10-26T07:25:18.969" /><!-- duration: 109ms -->
  </step><!-- duration: 2172ms -->
  <step title="Outgoing response" date="2025-10-26T07:25:19.078" type="response" statusCode="202" statusText="Accepted" Server="Microsoft-IIS/10.0" x-ms-request-id="ff194ceb-6d0b-4fa5-b02d-7c0b4e4134e7" Retry-After="30" Cache-Control="private" X-AspNet-Version="4.0.30319" Location="https://gomokuai-b7f4fxc7eagkb2gk.scm.southeastasia-01.azurewebsites.net/api/deployments/latest?deployer=OneDeploy&amp;time=2025-10-26_07-25-19Z" /><!-- duration: 16ms -->
</step><!-- duration: 2391ms -->
