<step title="Incoming Request" date="2025-10-26T09:09:36.787" instance="79f58c" url="/api/publish?async=true&amp;deployer=GITHUB_ONE_DEPLOY&amp;type=zip&amp;message=%7B%22type%22%3A%22deployment%22%2C%22sha%22%3A%22eecf43724e270992ad9feb65a8e61b43010977a6%22%2C%22repoName%22%3A%22matrixgoh%2FGomoku-AI%22%2C%22actor%22%3A%22matrixgoh%22%2C%22slotName%22%3A%22production%22%2C%22commitMessage%22%3A%22%F0%9F%94%A7%20Fix%20Azure%20internal%20server%20error%20-%20enhanced%20compatibility%5Cn%5Cn-%20Update%20workflow%20with%20correct%20Azure%20URL%3A%20gomokuai-b7f4fxc7eagkb2gk.southeastasia-01.azurewebsites.net%5Cn-%20Add%20startup.cmd%20for%20Azure%20App%20Service%20startup%5Cn-%20Simplify%20web.config%20iisnode%20configuration%5Cn-%20Add%20WEBSITE_RUN_FROM_PACKAGE%20setting%20for%20better%20deployment%5Cn-%20Enhanced%20health%20checks%20with%20actual%20deployment%20URL%5Cn-%20Add%20serve%20script%20as%20backup%20startup%20command%22%7D" method="POST" type="request" pid="3196,2,8" Transfer-Encoding="chunked" Content-Type="application/octet-stream" Authorization="Bea..." Cookie="ARRAffinity=79f58c845a530d4729e36f82f361926dbaed21889577ab18ea9dff5906ee61d3;Path=/;HttpOnly;Secure;Domain=gomokuai-b7f4fxc7eagkb2gk.scm.southeastasia-01.azurewebsites.net; ARRAffinitySameSite=79f58c845a530d4729e36f82f361926dbaed21889577ab18ea9dff5906ee61d3;Path=/;HttpOnly;SameSite=None;Secure;Domain=gomokuai-b7f4fxc7eagkb2gk.scm.southeastasia-01.azurewebsites.net" Host="gomokuai-b7f4fxc7eagkb2gk.scm.southeastasia-01.azurewebsites.net" User-Agent="GITHUBACTIONS_DeployWebAppToAzure_90de1ec77cc7e6ed13504163547a32a4f55fe8a01dda5b39461d13ae3e1b9ee7" X-ARR-LOG-ID="202b5995-7a31-40f9-bb16-2065764d371d" CLIENT-IP="172.208.153.226:50205" X-SITE-DEPLOYMENT-ID="gomokuai" WAS-DEFAULT-HOSTNAME="gomokuai-b7f4fxc7eagkb2gk.scm.southeastasia-01.azurewebsites.net" X-Forwarded-Proto="https" X-AppService-Proto="https" X-Forwarded-TlsVersion="1.3" X-WAWS-Unencoded-URL="/api/publish?async=true&amp;deployer=GITHUB_ONE_DEPLOY&amp;type=zip&amp;message=%7B%22type%22%3A%22deployment%22%2C%22sha%22%3A%22eecf43724e270992ad9feb65a8e61b43010977a6%22%2C%22repoName%22%3A%22matrixgoh%2FGomoku-AI%22%2C%22actor%22%3A%22matrixgoh%22%2C%22slotName%22%3A%22production%22%2C%22commitMessage%22%3A%22%F0%9F%94%A7%20Fix%20Azure%20internal%20server%20error%20-%20enhanced%20compatibility%5Cn%5Cn-%20Update%20workflow%20with%20correct%20Azure%20URL%3A%20gomokuai-b7f4fxc7eagkb2gk.southeastasia-01.azurewebsites.net%5Cn-%20Add%20startup.cmd%20for%20Azure%20App%20Service%20startup%5Cn-%20Simplify%20web.config%20iisnode%20configuration%5Cn-%20Add%20WEBSITE_RUN_FROM_PACKAGE%20setting%20for%20better%20deployment%5Cn-%20Enhanced%20health%20checks%20with%20actual%20deployment%20URL%5Cn-%20Add%20serve%20script%20as%20backup%20startup%20command%22%7D" >
  <step title="OneDeploy" date="2025-10-26T09:09:37.006" >
    <step title="Starting PushDeployAsync" date="2025-10-26T09:09:37.022" /><!-- duration: 16ms -->
    <step title="Updating shutdown sentinel last write time" date="2025-10-26T09:09:37.084" SemaphoreCount="7" /><!-- duration: 0ms -->
    <step title="LockFile &apos;C:\home\site\locks\deployments.lock&apos; acquired" date="2025-10-26T09:09:37.084" /><!-- duration: 16ms -->
    <step title="Saving request content to C:\home\data\SitePackages\20251026090937.zip" date="2025-10-26T09:09:37.100" >
      <step title="Total 5,389,661 bytes written to C:\home\data\SitePackages\20251026090937.zip" date="2025-10-26T09:09:38.037" /><!-- duration: 16ms -->
    </step><!-- duration: 984ms -->
    <step title="LockFile &apos;C:\home\site\locks\deployments.lock&apos; released" date="2025-10-26T09:09:38.100" /><!-- duration: 0ms -->
    <step title="Deleting shutdown sentinel file" date="2025-10-26T09:09:38.115" SemaphoreCount="8" /><!-- duration: 16ms -->
    <step title="Starting FetchDeploy" date="2025-10-26T09:09:38.131" /><!-- duration: 0ms -->
    <step title="Start deployment in the background" date="2025-10-26T09:09:38.147" /><!-- duration: 94ms -->
  </step><!-- duration: 1250ms -->
  <step title="Outgoing response" date="2025-10-26T09:09:38.256" type="response" statusCode="202" statusText="Accepted" Server="Microsoft-IIS/10.0" x-ms-request-id="202b5995-7a31-40f9-bb16-2065764d371d" Retry-After="30" Cache-Control="private" X-AspNet-Version="4.0.30319" Location="https://gomokuai-b7f4fxc7eagkb2gk.scm.southeastasia-01.azurewebsites.net/api/deployments/latest?deployer=OneDeploy&amp;time=2025-10-26_09-09-38Z" /><!-- duration: 0ms -->
</step><!-- duration: 1484ms -->
