<step title="BackgroundTrace" date="2025-10-26T08:39:20.980" instance="79f58c" url="/api/publish" method="POST" >
  <step title="Updating shutdown sentinel last write time" date="2025-10-26T08:39:20.995" SemaphoreCount="7" /><!-- duration: 16ms -->
  <step title="LockFile &apos;C:\home\site\locks\deployments.lock&apos; acquired" date="2025-10-26T08:39:21.027" /><!-- duration: 0ms -->
  <step title="Creating temporary deployment" date="2025-10-26T08:39:21.027" /><!-- duration: 63ms -->
  <step title="Performing fetch based deployment" date="2025-10-26T08:39:21.089" >
    <step title="Fetching changes." date="2025-10-26T08:39:21.152" /><!-- duration: 16ms -->
    <step title="Starting LocalZipHandler" date="2025-10-26T08:39:21.183" /><!-- duration: 0ms -->
    <step title="Cleaning up temp folders from previous zip deployments and extracting pushed zip file C:\local\Temp\zipdeploy\qpvlizc4.zip (5.14 MB) to C:\local\Temp\zipdeploy\extracted" date="2025-10-26T08:39:21.214" /><!-- duration: 0ms -->
    <step title="Cleaning up temp folders from previous zip deployments and extracting pushed zip file C:\local\Temp\zipdeploy\qpvlizc4.zip (5.14 MB) to C:\local\Temp\zipdeploy\extracted" date="2025-10-26T08:39:21.230" >
      <step title="Renaming extractTargetDirectory(C:\local\Temp\zipdeploy\extracted) to tempDirectory(C:\local\Temp\zipdeploy\2amy2r5y.hlf)" date="2025-10-26T08:39:21.230" /><!-- duration: 0ms -->
      <step title="Extracting 1184 entries to C:\local\Temp\zipdeploy\extracted directory" date="2025-10-26T08:39:21.261" >
        <step title="Extracting to C:\local\Temp\zipdeploy\extracted\deploy.cmd ..." date="2025-10-26T08:39:21.261" /><!-- duration: 16ms -->
        <step title="Extracting to C:\local\Temp\zipdeploy\extracted\package-lock.json ..." date="2025-10-26T08:39:21.292" /><!-- duration: 0ms -->
        <step title="Extracting to C:\local\Temp\zipdeploy\extracted\package.json ..." date="2025-10-26T08:39:21.292" /><!-- duration: 16ms -->
        <step title="Extracting to C:\local\Temp\zipdeploy\extracted\server.js ..." date="2025-10-26T08:39:21.308" /><!-- duration: 0ms -->
        <step title="Extracting to C:\local\Temp\zipdeploy\extracted\startup.sh ..." date="2025-10-26T08:39:21.324" /><!-- duration: 0ms -->
        <step title="Omitting extracting file traces ..." date="2025-10-26T08:39:21.324" /><!-- duration: 16ms -->
      </step><!-- duration: 828ms -->
    </step><!-- duration: 859ms -->
    <step title="Before sending BuildRequestReceived status to /api/updatedeploystatus" date="2025-10-26T08:39:22.105" /><!-- duration: 0ms -->
    <step title="DeploymentManager.Deploy(id:57261636c0d64a1e9d1f4644e30988ae)" date="2025-10-26T08:39:22.120" >
      <step title="Collecting changeset information" date="2025-10-26T08:39:22.120" /><!-- duration: 62ms -->
      <step title="Updating submodules" date="2025-10-26T08:39:22.183" >
        <step title="Updating submodules." date="2025-10-26T08:39:22.230" /><!-- duration: 16ms -->
      </step><!-- duration: 62ms -->
      <step title="Preparing deployment for commit id &apos;57261636c0&apos;." date="2025-10-26T08:39:22.292" /><!-- duration: 0ms -->
      <step title="Determining deployment builder" date="2025-10-26T08:39:22.339" >
        <step title="Builder is OneDeployBuilder" date="2025-10-26T08:39:22.355" /><!-- duration: 0ms -->
      </step><!-- duration: 47ms -->
      <step title="Copying SSH keys" date="2025-10-26T08:39:22.433" /><!-- duration: 16ms -->
      <step title="Building" date="2025-10-26T08:39:22.449" >
        <step title="Running build. Project type: OneDeploy" date="2025-10-26T08:39:22.495" /><!-- duration: 0ms -->
        <step title="Copying the manifest" date="2025-10-26T08:39:22.558" /><!-- duration: 0ms -->
        <step title="Clean deploying to C:\home\site\wwwroot" date="2025-10-26T08:39:22.605" /><!-- duration: 16ms -->
        <step title="Generating deployment script." date="2025-10-26T08:39:22.667" /><!-- duration: 0ms -->
        <step title="Generating deployment script" date="2025-10-26T08:39:22.667" >
          <step title="Using cached version of the deployment script for command: -y --no-dot-deployment -r &quot;C:\local\Temp\zipdeploy\extracted&quot; -o &quot;C:\home\site\deployments\tools&quot; --basic --sitePath &quot;C:\local\Temp\zipdeploy\extracted&quot;" date="2025-10-26T08:39:22.714" /><!-- duration: 0ms -->
          <step title="Using cached version of deployment script (command: &apos;azure -y --no-dot-deployment -r &quot;C:\local\Temp\zipdeploy\extracted&quot; -o &quot;C:\home\site\deployments\tools&quot; --basic --sitePath &quot;C:\local\Temp\zipdeploy\extracted&quot;&apos;)." date="2025-10-26T08:39:22.745" /><!-- duration: 0ms -->
        </step><!-- duration: 78ms -->
        <step title="Running deployment command..." date="2025-10-26T08:39:22.792" /><!-- duration: 0ms -->
        <step title="Command: &quot;C:\home\site\deployments\tools\deploy.cmd&quot;" date="2025-10-26T08:39:22.808" /><!-- duration: 0ms -->
        <step title="Executing external process" date="2025-10-26T08:39:22.824" type="process" path="starter.cmd" arguments="&quot;C:\home\site\deployments\tools\deploy.cmd&quot;" >
          <step title="Handling Basic Web Site deployment." date="2025-10-26T08:39:22.964" /><!-- duration: 0ms -->
          <step title="Creating app_offline.htm" date="2025-10-26T08:39:23.230" /><!-- duration: 16ms -->
          <step title="KuduSync.NET from: &apos;C:\local\Temp\zipdeploy\extracted&apos; to: &apos;C:\home\site\wwwroot&apos;" date="2025-10-26T08:39:23.245" /><!-- duration: 16ms -->
          <step title="Copying file: &apos;package-lock.json&apos;" date="2025-10-26T08:39:23.261" /><!-- duration: 0ms -->
          <step title="Copying file: &apos;package.json&apos;" date="2025-10-26T08:39:23.277" /><!-- duration: 0ms -->
          <step title="Copying file: &apos;server.js&apos;" date="2025-10-26T08:39:23.292" /><!-- duration: 0ms -->
          <step title="Copying file: &apos;startup.sh&apos;" date="2025-10-26T08:39:23.308" /><!-- duration: 16ms -->
          <step title="Copying file: &apos;node_modules\@google\genai\LICENSE&apos;" date="2025-10-26T08:39:23.324" /><!-- duration: 0ms -->
          <step title="Copying file: &apos;node_modules\@google\genai\package.json&apos;" date="2025-10-26T08:39:23.339" /><!-- duration: 0ms -->
          <step title="Copying file: &apos;node_modules\@google\genai\README.md&apos;" date="2025-10-26T08:39:23.355" /><!-- duration: 0ms -->
          <step title="Copying file: &apos;node_modules\@google\genai\dist\genai.d.ts&apos;" date="2025-10-26T08:39:23.370" /><!-- duration: 0ms -->
          <step title="Copying file: &apos;node_modules\@google\genai\dist\index.cjs&apos;" date="2025-10-26T08:39:23.386" /><!-- duration: 0ms -->
          <step title="Copying file: &apos;node_modules\@google\genai\dist\index.mjs&apos;" date="2025-10-26T08:39:23.386" /><!-- duration: 16ms -->
          <step title="Copying file: &apos;node_modules\@google\genai\dist\index.mjs.map&apos;" date="2025-10-26T08:39:23.402" /><!-- duration: 16ms -->
          <step title="Copying file: &apos;node_modules\@google\genai\dist\node\index.cjs&apos;" date="2025-10-26T08:39:23.433" /><!-- duration: 0ms -->
          <step title="Copying file: &apos;node_modules\@google\genai\dist\node\index.mjs&apos;" date="2025-10-26T08:39:23.449" /><!-- duration: 0ms -->
          <step title="Copying file: &apos;node_modules\@google\genai\dist\node\index.mjs.map&apos;" date="2025-10-26T08:39:23.449" /><!-- duration: 16ms -->
          <step title="Copying file: &apos;node_modules\@google\genai\dist\node\node.d.ts&apos;" date="2025-10-26T08:39:23.464" /><!-- duration: 16ms -->
          <step title="Copying file: &apos;node_modules\@google\genai\dist\web\index.mjs&apos;" date="2025-10-26T08:39:23.480" /><!-- duration: 0ms -->
          <step title="Copying file: &apos;node_modules\@google\genai\dist\web\index.mjs.map&apos;" date="2025-10-26T08:39:23.495" /><!-- duration: 0ms -->
          <step title="Copying file: &apos;node_modules\@google\genai\dist\web\web.d.ts&apos;" date="2025-10-26T08:39:23.511" /><!-- duration: 0ms -->
          <step title="Copying file: &apos;node_modules\@google\genai\node\package.json&apos;" date="2025-10-26T08:39:23.527" /><!-- duration: 0ms -->
          <step title="Copying file: &apos;node_modules\@google\genai\web\package.json&apos;" date="2025-10-26T08:39:23.542" /><!-- duration: 0ms -->
          <step title="Copying file: &apos;node_modules\accepts\HISTORY.md&apos;" date="2025-10-26T08:39:23.558" /><!-- duration: 0ms -->
          <step title="Copying file: &apos;node_modules\accepts\index.js&apos;" date="2025-10-26T08:39:23.574" /><!-- duration: 0ms -->
          <step title="Copying file: &apos;node_modules\accepts\LICENSE&apos;" date="2025-10-26T08:39:23.589" /><!-- duration: 16ms -->
          <step title="Copying file: &apos;node_modules\accepts\package.json&apos;" date="2025-10-26T08:39:23.605" /><!-- duration: 0ms -->
          <step title="Copying file: &apos;node_modules\accepts\README.md&apos;" date="2025-10-26T08:39:23.621" /><!-- duration: 16ms -->
          <step title="Copying file: &apos;node_modules\agent-base\LICENSE&apos;" date="2025-10-26T08:39:23.636" /><!-- duration: 16ms -->
          <step title="Copying file: &apos;node_modules\agent-base\package.json&apos;" date="2025-10-26T08:39:23.652" /><!-- duration: 16ms -->
          <step title="Copying file: &apos;node_modules\agent-base\README.md&apos;" date="2025-10-26T08:39:23.667" /><!-- duration: 0ms -->
          <step title="Copying file: &apos;node_modules\agent-base\dist\helpers.d.ts&apos;" date="2025-10-26T08:39:23.683" /><!-- duration: 0ms -->
          <step title="Copying file: &apos;node_modules\agent-base\dist\helpers.d.ts.map&apos;" date="2025-10-26T08:39:23.699" /><!-- duration: 0ms -->
          <step title="Copying file: &apos;node_modules\agent-base\dist\helpers.js&apos;" date="2025-10-26T08:39:23.714" /><!-- duration: 0ms -->
          <step title="Copying file: &apos;node_modules\agent-base\dist\helpers.js.map&apos;" date="2025-10-26T08:39:23.746" /><!-- duration: 16ms -->
          <step title="Copying file: &apos;node_modules\agent-base\dist\index.d.ts&apos;" date="2025-10-26T08:39:23.761" /><!-- duration: 0ms -->
          <step title="Copying file: &apos;node_modules\agent-base\dist\index.d.ts.map&apos;" date="2025-10-26T08:39:23.777" /><!-- duration: 0ms -->
          <step title="Copying file: &apos;node_modules\agent-base\dist\index.js&apos;" date="2025-10-26T08:39:23.792" /><!-- duration: 0ms -->
          <step title="Copying file: &apos;node_modules\agent-base\dist\index.js.map&apos;" date="2025-10-26T08:39:23.808" /><!-- duration: 0ms -->
          <step title="Copying file: &apos;node_modules\array-flatten\array-flatten.js&apos;" date="2025-10-26T08:39:23.824" /><!-- duration: 0ms -->
          <step title="Copying file: &apos;node_modules\array-flatten\LICENSE&apos;" date="2025-10-26T08:39:23.824" /><!-- duration: 16ms -->
          <step title="Copying file: &apos;node_modules\array-flatten\package.json&apos;" date="2025-10-26T08:39:23.839" /><!-- duration: 16ms -->
          <step title="Copying file: &apos;node_modules\array-flatten\README.md&apos;" date="2025-10-26T08:39:23.855" /><!-- duration: 16ms -->
          <step title="Copying file: &apos;node_modules\base64-js\base64js.min.js&apos;" date="2025-10-26T08:39:23.871" /><!-- duration: 0ms -->
          <step title="Copying file: &apos;node_modules\base64-js\index.d.ts&apos;" date="2025-10-26T08:39:23.886" /><!-- duration: 0ms -->
          <step title="Copying file: &apos;node_modules\base64-js\index.js&apos;" date="2025-10-26T08:39:23.902" /><!-- duration: 0ms -->
          <step title="Copying file: &apos;node_modules\base64-js\LICENSE&apos;" date="2025-10-26T08:39:23.917" /><!-- duration: 0ms -->
          <step title="Copying file: &apos;node_modules\base64-js\package.json&apos;" date="2025-10-26T08:39:23.933" /><!-- duration: 0ms -->
          <step title="Copying file: &apos;node_modules\base64-js\README.md&apos;" date="2025-10-26T08:39:23.949" /><!-- duration: 0ms -->
          <step title="Copying file: &apos;node_modules\bignumber.js\bignumber.d.mts&apos;" date="2025-10-26T08:39:23.949" /><!-- duration: 16ms -->
          <step title="Copying file: &apos;node_modules\bignumber.js\bignumber.d.ts&apos;" date="2025-10-26T08:39:23.980" /><!-- duration: 0ms -->
          <step title="Omitting next output lines..." date="2025-10-26T08:39:23.996" /><!-- duration: 0ms -->
          <step title="Finished successfully." date="2025-10-26T08:39:31.779" /><!-- duration: 0ms -->
        </step><!-- duration: 8971ms -->
        <step title="Build completed succesfully." date="2025-10-26T08:39:31.841" /><!-- duration: 0ms -->
        <step title="Running post deployment command(s)..." date="2025-10-26T08:39:31.888" /><!-- duration: 0ms -->
        <step title="Requesting site restart" date="2025-10-26T08:39:31.950" /><!-- duration: 0ms -->
        <step title="Requesting site restart" date="2025-10-26T08:39:31.950" /><!-- duration: 16ms -->
        <step title="Requesting site restart. Attempt #1" date="2025-10-26T08:39:32.013" /><!-- duration: 0ms -->
        <step title="Requesting site restart. Attempt #1" date="2025-10-26T08:39:32.029" /><!-- duration: 0ms -->
        <step title="Successfully requested a restart. Attempt #1" date="2025-10-26T08:39:32.404" /><!-- duration: 0ms -->
        <step title="Successfully requested a restart. Attempt #1" date="2025-10-26T08:39:32.419" /><!-- duration: 0ms -->
        <step title="Deployment successful. DEPLOYMENTINFO: deploymentPath = OneDeploy, deployer = OneDeploy, os = windows, sku = Free, siteName = gomokuai, siteHostName = gomokuai-b7f4fxc7eagkb2gk.southeastasia-01.azurewebsites.net, deploymentStatus = Success" date="2025-10-26T08:39:32.466" /><!-- duration: 0ms -->
      </step><!-- duration: 10127ms -->
    </step><!-- duration: 10471ms -->
    <step title="Cleaning up temp files" date="2025-10-26T08:39:32.591" /><!-- duration: 0ms -->
    <step title="Skip function trigger and logicapp sync because function is not enabled." date="2025-10-26T08:39:32.607" /><!-- duration: 0ms -->
  </step><!-- duration: 11533ms -->
  <step title="LockFile &apos;C:\home\site\locks\deployments.lock&apos; released" date="2025-10-26T08:39:32.638" /><!-- duration: 0ms -->
  <step title="Deleting shutdown sentinel file" date="2025-10-26T08:39:32.654" SemaphoreCount="8" /><!-- duration: 0ms -->
</step><!-- duration: 11674ms -->
