<step title="BackgroundTrace" date="2025-10-26T10:06:28.207" instance="79f58c" url="/api/publish" method="POST" >
  <step title="Updating shutdown sentinel last write time" date="2025-10-26T10:06:28.223" SemaphoreCount="7" /><!-- duration: 0ms -->
  <step title="LockFile &apos;C:\home\site\locks\deployments.lock&apos; acquired" date="2025-10-26T10:06:28.223" /><!-- duration: 16ms -->
  <step title="Creating temporary deployment" date="2025-10-26T10:06:28.238" /><!-- duration: 47ms -->
  <step title="Performing fetch based deployment" date="2025-10-26T10:06:28.301" >
    <step title="Fetching changes." date="2025-10-26T10:06:28.363" /><!-- duration: 31ms -->
    <step title="Starting LocalZipHandler" date="2025-10-26T10:06:28.394" /><!-- duration: 0ms -->
    <step title="Starting ExtractTriggers" date="2025-10-26T10:06:28.410" /><!-- duration: 0ms -->
    <step title="Before sending BuildRequestReceived status to /api/updatedeploystatus" date="2025-10-26T10:06:28.473" /><!-- duration: 0ms -->
    <step title="DeploymentManager.Deploy(id:be63445483d2473398a2324fe5f8cd92)" date="2025-10-26T10:06:28.488" >
      <step title="Collecting changeset information" date="2025-10-26T10:06:28.504" /><!-- duration: 31ms -->
      <step title="Updating submodules" date="2025-10-26T10:06:28.551" >
        <step title="Updating submodules." date="2025-10-26T10:06:28.582" /><!-- duration: 0ms -->
      </step><!-- duration: 47ms -->
      <step title="Preparing deployment for commit id &apos;be63445483&apos;." date="2025-10-26T10:06:28.629" /><!-- duration: 16ms -->
      <step title="Determining deployment builder" date="2025-10-26T10:06:28.738" >
        <step title="Builder is RunFromZipSiteBuilder" date="2025-10-26T10:06:28.738" /><!-- duration: 16ms -->
      </step><!-- duration: 16ms -->
      <step title="Copying SSH keys" date="2025-10-26T10:06:28.769" /><!-- duration: 16ms -->
      <step title="Building" date="2025-10-26T10:06:28.785" >
        <step title="Skipping build. Project type: Run-From-Zip" date="2025-10-26T10:06:28.832" /><!-- duration: 0ms -->
        <step title="Skipping post build. Project type: Run-From-Zip" date="2025-10-26T10:06:28.879" /><!-- duration: 0ms -->
        <step title="Requesting site restart" date="2025-10-26T10:06:28.926" /><!-- duration: 0ms -->
        <step title="Requesting site restart" date="2025-10-26T10:06:28.926" /><!-- duration: 16ms -->
        <step title="Requesting site restart. Attempt #1" date="2025-10-26T10:06:28.988" /><!-- duration: 0ms -->
        <step title="Requesting site restart. Attempt #1" date="2025-10-26T10:06:29.004" /><!-- duration: 0ms -->
        <step title="Successfully requested a restart. Attempt #1" date="2025-10-26T10:06:29.348" /><!-- duration: 16ms -->
        <step title="Successfully requested a restart. Attempt #1" date="2025-10-26T10:06:29.363" /><!-- duration: 0ms -->
        <step title="Deployment successful. DEPLOYMENTINFO: deploymentPath = OneDeploy, deployer = OneDeploy, os = windows, sku = Free, siteName = gomokuai, siteHostName = gomokuai-b7f4fxc7eagkb2gk.southeastasia-01.azurewebsites.net, deploymentStatus = Success" date="2025-10-26T10:06:29.410" /><!-- duration: 16ms -->
      </step><!-- duration: 734ms -->
    </step><!-- duration: 1031ms -->
    <step title="Cleaning up temp files" date="2025-10-26T10:06:29.535" /><!-- duration: 0ms -->
    <step title="Updating C:\home\data\SitePackages\packagename.txt with deployment 20251026100626.zip" date="2025-10-26T10:06:29.535" /><!-- duration: 63ms -->
    <step title="Skip function trigger and logicapp sync because function is not enabled." date="2025-10-26T10:06:29.613" /><!-- duration: 0ms -->
  </step><!-- duration: 1328ms -->
  <step title="LockFile &apos;C:\home\site\locks\deployments.lock&apos; released" date="2025-10-26T10:06:29.645" /><!-- duration: 16ms -->
  <step title="Deleting shutdown sentinel file" date="2025-10-26T10:06:29.660" SemaphoreCount="8" /><!-- duration: 0ms -->
</step><!-- duration: 1469ms -->
