<step title="BackgroundTrace" date="2025-10-26T09:49:54.019" instance="79f58c" url="/api/publish" method="POST" >
  <step title="Updating shutdown sentinel last write time" date="2025-10-26T09:49:54.034" SemaphoreCount="7" /><!-- duration: 0ms -->
  <step title="LockFile &apos;C:\home\site\locks\deployments.lock&apos; acquired" date="2025-10-26T09:49:54.034" /><!-- duration: 16ms -->
  <step title="Creating temporary deployment" date="2025-10-26T09:49:54.050" /><!-- duration: 63ms -->
  <step title="Performing fetch based deployment" date="2025-10-26T09:49:54.112" >
    <step title="Fetching changes." date="2025-10-26T09:49:54.191" /><!-- duration: 16ms -->
    <step title="Starting LocalZipHandler" date="2025-10-26T09:49:54.206" /><!-- duration: 16ms -->
    <step title="Starting ExtractTriggers" date="2025-10-26T09:49:54.222" /><!-- duration: 16ms -->
    <step title="Before sending BuildRequestReceived status to /api/updatedeploystatus" date="2025-10-26T09:49:54.300" /><!-- duration: 0ms -->
    <step title="DeploymentManager.Deploy(id:92c0e1bcdfc8422687dc0f3db455fad6)" date="2025-10-26T09:49:54.300" >
      <step title="Collecting changeset information" date="2025-10-26T09:49:54.316" /><!-- duration: 47ms -->
      <step title="Updating submodules" date="2025-10-26T09:49:54.362" >
        <step title="Updating submodules." date="2025-10-26T09:49:54.394" /><!-- duration: 16ms -->
      </step><!-- duration: 63ms -->
      <step title="Preparing deployment for commit id &apos;92c0e1bcdf&apos;." date="2025-10-26T09:49:54.722" /><!-- duration: 16ms -->
      <step title="Determining deployment builder" date="2025-10-26T09:49:54.784" >
        <step title="Builder is RunFromZipSiteBuilder" date="2025-10-26T09:49:54.784" /><!-- duration: 0ms -->
      </step><!-- duration: 16ms -->
      <step title="Copying SSH keys" date="2025-10-26T09:49:54.816" /><!-- duration: 16ms -->
      <step title="Building" date="2025-10-26T09:49:54.831" >
        <step title="Skipping build. Project type: Run-From-Zip" date="2025-10-26T09:49:54.878" /><!-- duration: 0ms -->
        <step title="Skipping post build. Project type: Run-From-Zip" date="2025-10-26T09:49:54.925" /><!-- duration: 31ms -->
        <step title="Requesting site restart" date="2025-10-26T09:49:55.003" /><!-- duration: 0ms -->
        <step title="Requesting site restart" date="2025-10-26T09:49:55.003" /><!-- duration: 16ms -->
        <step title="Requesting site restart. Attempt #1" date="2025-10-26T09:49:55.066" /><!-- duration: 0ms -->
        <step title="Requesting site restart. Attempt #1" date="2025-10-26T09:49:55.081" /><!-- duration: 0ms -->
        <step title="Successfully requested a restart. Attempt #1" date="2025-10-26T09:49:55.425" /><!-- duration: 0ms -->
        <step title="Successfully requested a restart. Attempt #1" date="2025-10-26T09:49:55.441" /><!-- duration: 0ms -->
        <step title="Deployment successful. DEPLOYMENTINFO: deploymentPath = OneDeploy, deployer = OneDeploy, os = windows, sku = Free, siteName = gomokuai, siteHostName = gomokuai-b7f4fxc7eagkb2gk.southeastasia-01.azurewebsites.net, deploymentStatus = Success" date="2025-10-26T09:49:55.488" /><!-- duration: 0ms -->
      </step><!-- duration: 766ms -->
    </step><!-- duration: 1298ms -->
    <step title="Cleaning up temp files" date="2025-10-26T09:49:55.645" /><!-- duration: 0ms -->
    <step title="Updating C:\home\data\SitePackages\packagename.txt with deployment 20251026094952.zip" date="2025-10-26T09:49:55.645" /><!-- duration: 63ms -->
    <step title="Skip function trigger and logicapp sync because function is not enabled." date="2025-10-26T09:49:55.723" /><!-- duration: 0ms -->
  </step><!-- duration: 1642ms -->
  <step title="LockFile &apos;C:\home\site\locks\deployments.lock&apos; released" date="2025-10-26T09:49:55.754" /><!-- duration: 16ms -->
  <step title="Deleting shutdown sentinel file" date="2025-10-26T09:49:55.785" SemaphoreCount="8" /><!-- duration: 0ms -->
</step><!-- duration: 1782ms -->
