<step title="Incoming Request" date="2025-10-26T10:12:13.388" instance="79f58c" url="/api/publish?async=true&amp;deployer=GITHUB_ONE_DEPLOY&amp;type=zip&amp;message=%7B%22type%22%3A%22deployment%22%2C%22sha%22%3A%226ed55f9bf2729998f1e5dd78af42eb9aa4250f21%22%2C%22repoName%22%3A%22matrixgoh%2FGomoku-AI%22%2C%22actor%22%3A%22matrixgoh%22%2C%22slotName%22%3A%22production%22%2C%22commitMessage%22%3A%22ci%3A%20add%20Kudu%20log%20fetch%20%2B%20artifact%20to%20aid%20runtime%20debugging%22%7D" method="POST" type="request" pid="8080,2,6" Transfer-Encoding="chunked" Content-Type="application/octet-stream" Authorization="Bea..." Cookie="ARRAffinity=79f58c845a530d4729e36f82f361926dbaed21889577ab18ea9dff5906ee61d3;Path=/;HttpOnly;Secure;Domain=gomokuai-b7f4fxc7eagkb2gk.scm.southeastasia-01.azurewebsites.net; ARRAffinitySameSite=79f58c845a530d4729e36f82f361926dbaed21889577ab18ea9dff5906ee61d3;Path=/;HttpOnly;SameSite=None;Secure;Domain=gomokuai-b7f4fxc7eagkb2gk.scm.southeastasia-01.azurewebsites.net" Host="gomokuai-b7f4fxc7eagkb2gk.scm.southeastasia-01.azurewebsites.net" User-Agent="GITHUBACTIONS_DeployWebAppToAzure_90de1ec77cc7e6ed13504163547a32a4f55fe8a01dda5b39461d13ae3e1b9ee7" X-ARR-LOG-ID="c4df76b8-6d09-4267-986a-074a68d7c196" CLIENT-IP="64.236.143.34:18472" X-SITE-DEPLOYMENT-ID="gomokuai" WAS-DEFAULT-HOSTNAME="gomokuai-b7f4fxc7eagkb2gk.scm.southeastasia-01.azurewebsites.net" X-Forwarded-Proto="https" X-AppService-Proto="https" X-Forwarded-TlsVersion="1.3" X-WAWS-Unencoded-URL="/api/publish?async=true&amp;deployer=GITHUB_ONE_DEPLOY&amp;type=zip&amp;message=%7B%22type%22%3A%22deployment%22%2C%22sha%22%3A%226ed55f9bf2729998f1e5dd78af42eb9aa4250f21%22%2C%22repoName%22%3A%22matrixgoh%2FGomoku-AI%22%2C%22actor%22%3A%22matrixgoh%22%2C%22slotName%22%3A%22production%22%2C%22commitMessage%22%3A%22ci%3A%20add%20Kudu%20log%20fetch%20%2B%20artifact%20to%20aid%20runtime%20debugging%22%7D" >
  <step title="OneDeploy" date="2025-10-26T10:12:13.591" >
    <step title="Starting PushDeployAsync" date="2025-10-26T10:12:13.607" /><!-- duration: 0ms -->
    <step title="Updating shutdown sentinel last write time" date="2025-10-26T10:12:13.638" SemaphoreCount="7" /><!-- duration: 0ms -->
    <step title="LockFile &apos;C:\home\site\locks\deployments.lock&apos; acquired" date="2025-10-26T10:12:13.654" /><!-- duration: 16ms -->
    <step title="Deleting outdated zip file C:\home\data\SitePackages\20251026090937.zip" date="2025-10-26T10:12:13.685" /><!-- duration: 16ms -->
    <step title="Saving request content to C:\home\data\SitePackages\20251026101213.zip" date="2025-10-26T10:12:13.701" >
      <step title="Total 5,391,550 bytes written to C:\home\data\SitePackages\20251026101213.zip" date="2025-10-26T10:12:14.810" /><!-- duration: 0ms -->
    </step><!-- duration: 1156ms -->
    <step title="LockFile &apos;C:\home\site\locks\deployments.lock&apos; released" date="2025-10-26T10:12:14.857" /><!-- duration: 16ms -->
    <step title="Deleting shutdown sentinel file" date="2025-10-26T10:12:14.888" SemaphoreCount="8" /><!-- duration: 0ms -->
    <step title="Starting FetchDeploy" date="2025-10-26T10:12:14.888" /><!-- duration: 16ms -->
    <step title="Start deployment in the background" date="2025-10-26T10:12:14.904" /><!-- duration: 125ms -->
  </step><!-- duration: 1438ms -->
  <step title="Outgoing response" date="2025-10-26T10:12:15.044" type="response" statusCode="202" statusText="Accepted" Server="Microsoft-IIS/10.0" x-ms-request-id="c4df76b8-6d09-4267-986a-074a68d7c196" Retry-After="30" Cache-Control="private" X-AspNet-Version="4.0.30319" Location="https://gomokuai-b7f4fxc7eagkb2gk.scm.southeastasia-01.azurewebsites.net/api/deployments/latest?deployer=OneDeploy&amp;time=2025-10-26_10-12-15Z" /><!-- duration: 0ms -->
</step><!-- duration: 1656ms -->
