﻿<?xml version="1.0" encoding="utf-8"?>
<deployment>
  <id>7a64405b05b64ea8a6af088ac5f148ec</id>
  <author>N/A</author>
  <deployer>OneDeploy</deployer>
  <authorEmail>N/A</authorEmail>
  <message>OneDeploy</message>
  <progress></progress>
  <status>Success</status>
  <statusText></statusText>
  <lastSuccessEndTime>2025-10-26T09:01:31.1141144Z</lastSuccessEndTime>
  <receivedTime>2025-10-26T09:01:20.9728772Z</receivedTime>
  <startTime>2025-10-26T09:01:21.1291345Z</startTime>
  <endTime>2025-10-26T09:01:31.1141144Z</endTime>
  <complete>True</complete>
  <is_temp>False</is_temp>
  <is_readonly>True</is_readonly>
  <project_type>OneDeploy</project_type>
  <vsproject_id></vsproject_id>
</deployment>