<Events><Event><System><Provider Name="ASP.NET 4.0.30319.0"/><EventID>1309</EventID><Level>2</Level><Task>0</Task><Keywords>Keywords</Keywords><TimeCreated SystemTime="2025-10-26T09:10:22Z"/><EventRecordID>412127125</EventRecordID><Channel>Application</Channel><Computer>WEBWK00000T</Computer><Security/></System><EventData><Data>3005</Data><Data>An unhandled exception has occurred.</Data><Data>10/26/2025 9:10:22 AM</Data><Data>10/26/2025 9:10:22 AM</Data><Data>2e12681e117b4228bb4a110b16c75817</Data><Data>1</Data><Data>1</Data><Data>0</Data><Data>/LM/W3SVC/1478444442/ROOT-1-134059434219472925</Data><Data/><Data>/</Data><Data>C:\home\site\wwwroot\dist\</Data><Data>WEBWK00000T</Data><Data/><Data>8200</Data><Data>w3wp.exe</Data><Data>IIS APPPOOL\gomokuai</Data><Data>HttpException</Data><Data>Server cannot access application directory 'C:\home\site\wwwroot\dist\'. The directory does not exist or is not accessible because of security settings.
   at System.Web.HttpRuntime.EnsureAccessToApplicationDirectory()
   at System.Web.HttpRuntime.HostingInit(HostingEnvironmentFlags hostingFlags, PolicyLevel policyLevel, Exception appDomainCreationException)

</Data><Data>https://gomokuai-b7f4fxc7eagkb2gk.southeastasia-01.azurewebsites.net:443/api/health</Data><Data>/api/health</Data><Data>172.208.153.226</Data><Data/><Data>False</Data><Data/><Data>IIS APPPOOL\gomokuai</Data><Data>7</Data><Data>IIS APPPOOL\gomokuai</Data><Data>False</Data><Data>   at System.Web.HttpRuntime.EnsureAccessToApplicationDirectory()
   at System.Web.HttpRuntime.HostingInit(HostingEnvironmentFlags hostingFlags, PolicyLevel policyLevel, Exception appDomainCreationException)
</Data></EventData></Event><Event><System><Provider Name="ASP.NET 4.0.30319.0"/><EventID>1309</EventID><Level>2</Level><Task>0</Task><Keywords>Keywords</Keywords><TimeCreated SystemTime="2025-10-26T09:10:32Z"/><EventRecordID>412137906</EventRecordID><Channel>Application</Channel><Computer>WEBWK00000T</Computer><Security/></System><EventData><Data>3005</Data><Data>An unhandled exception has occurred.</Data><Data>10/26/2025 9:10:32 AM</Data><Data>10/26/2025 9:10:32 AM</Data><Data>f97aacfca0394abb97cda9156ce3964f</Data><Data>1</Data><Data>1</Data><Data>0</Data><Data>/LM/W3SVC/1478444442/ROOT-2-134059434220722983</Data><Data/><Data>/</Data><Data>C:\home\site\wwwroot\dist\</Data><Data>WEBWK00000T</Data><Data/><Data>8200</Data><Data>w3wp.exe</Data><Data>IIS APPPOOL\gomokuai</Data><Data>HttpException</Data><Data>Server cannot access application directory 'C:\home\site\wwwroot\dist\'. The directory does not exist or is not accessible because of security settings.
   at System.Web.HttpRuntime.EnsureAccessToApplicationDirectory()
   at System.Web.HttpRuntime.HostingInit(HostingEnvironmentFlags hostingFlags, PolicyLevel policyLevel, Exception appDomainCreationException)

</Data><Data>https://gomokuai-b7f4fxc7eagkb2gk.southeastasia-01.azurewebsites.net:443/api/health</Data><Data>/api/health</Data><Data>172.208.153.226</Data><Data/><Data>False</Data><Data/><Data>IIS APPPOOL\gomokuai</Data><Data>8</Data><Data>IIS APPPOOL\gomokuai</Data><Data>False</Data><Data>   at System.Web.HttpRuntime.EnsureAccessToApplicationDirectory()
   at System.Web.HttpRuntime.HostingInit(HostingEnvironmentFlags hostingFlags, PolicyLevel policyLevel, Exception appDomainCreationException)
</Data></EventData></Event><Event><System><Provider Name="ASP.NET 4.0.30319.0"/><EventID>1309</EventID><Level>2</Level><Task>0</Task><Keywords>Keywords</Keywords><TimeCreated SystemTime="2025-10-26T09:10:43Z"/><EventRecordID>412148703</EventRecordID><Channel>Application</Channel><Computer>WEBWK00000T</Computer><Security/></System><EventData><Data>3005</Data><Data>An unhandled exception has occurred.</Data><Data>10/26/2025 9:10:43 AM</Data><Data>10/26/2025 9:10:43 AM</Data><Data>706e2861c37a451895b20f8bca0c97f4</Data><Data>1</Data><Data>1</Data><Data>0</Data><Data>/LM/W3SVC/1478444442/ROOT-3-134059434435696295</Data><Data/><Data>/</Data><Data>C:\home\site\wwwroot\dist\</Data><Data>WEBWK00000T</Data><Data/><Data>8200</Data><Data>w3wp.exe</Data><Data>IIS APPPOOL\gomokuai</Data><Data>HttpException</Data><Data>Server cannot access application directory 'C:\home\site\wwwroot\dist\'. The directory does not exist or is not accessible because of security settings.
   at System.Web.HttpRuntime.EnsureAccessToApplicationDirectory()
   at System.Web.HttpRuntime.HostingInit(HostingEnvironmentFlags hostingFlags, PolicyLevel policyLevel, Exception appDomainCreationException)

</Data><Data>https://gomokuai-b7f4fxc7eagkb2gk.southeastasia-01.azurewebsites.net:443/api/health</Data><Data>/api/health</Data><Data>172.208.153.226</Data><Data/><Data>False</Data><Data/><Data>IIS APPPOOL\gomokuai</Data><Data>10</Data><Data>IIS APPPOOL\gomokuai</Data><Data>False</Data><Data>   at System.Web.HttpRuntime.EnsureAccessToApplicationDirectory()
   at System.Web.HttpRuntime.HostingInit(HostingEnvironmentFlags hostingFlags, PolicyLevel policyLevel, Exception appDomainCreationException)
</Data></EventData></Event><Event><System><Provider Name="ASP.NET 4.0.30319.0"/><EventID>1309</EventID><Level>2</Level><Task>0</Task><Keywords>Keywords</Keywords><TimeCreated SystemTime="2025-10-26T09:10:54Z"/><EventRecordID>412159500</EventRecordID><Channel>Application</Channel><Computer>WEBWK00000T</Computer><Security/></System><EventData><Data>3005</Data><Data>An unhandled exception has occurred.</Data><Data>10/26/2025 9:10:54 AM</Data><Data>10/26/2025 9:10:54 AM</Data><Data>73e797c75d9f4dd98cccced23a52a84f</Data><Data>1</Data><Data>1</Data><Data>0</Data><Data>/LM/W3SVC/1478444442/ROOT-4-134059434543825349</Data><Data/><Data>/</Data><Data>C:\home\site\wwwroot\dist\</Data><Data>WEBWK00000T</Data><Data/><Data>8200</Data><Data>w3wp.exe</Data><Data>IIS APPPOOL\gomokuai</Data><Data>HttpException</Data><Data>Server cannot access application directory 'C:\home\site\wwwroot\dist\'. The directory does not exist or is not accessible because of security settings.
   at System.Web.HttpRuntime.EnsureAccessToApplicationDirectory()
   at System.Web.HttpRuntime.HostingInit(HostingEnvironmentFlags hostingFlags, PolicyLevel policyLevel, Exception appDomainCreationException)

</Data><Data>https://gomokuai-b7f4fxc7eagkb2gk.southeastasia-01.azurewebsites.net:443/api/health</Data><Data>/api/health</Data><Data>172.208.153.226</Data><Data/><Data>False</Data><Data/><Data>IIS APPPOOL\gomokuai</Data><Data>14</Data><Data>IIS APPPOOL\gomokuai</Data><Data>False</Data><Data>   at System.Web.HttpRuntime.EnsureAccessToApplicationDirectory()
   at System.Web.HttpRuntime.HostingInit(HostingEnvironmentFlags hostingFlags, PolicyLevel policyLevel, Exception appDomainCreationException)
</Data></EventData></Event><Event><System><Provider Name="ASP.NET 4.0.30319.0"/><EventID>1309</EventID><Level>2</Level><Task>0</Task><Keywords>Keywords</Keywords><TimeCreated SystemTime="2025-10-26T09:11:05Z"/><EventRecordID>412170312</EventRecordID><Channel>Application</Channel><Computer>WEBWK00000T</Computer><Security/></System><EventData><Data>3005</Data><Data>An unhandled exception has occurred.</Data><Data>10/26/2025 9:11:05 AM</Data><Data>10/26/2025 9:11:05 AM</Data><Data>bf3227f5f5dc442ebc5a41cbac419b9e</Data><Data>1</Data><Data>1</Data><Data>0</Data><Data>/LM/W3SVC/1478444442/ROOT-5-134059434651832965</Data><Data/><Data>/</Data><Data>C:\home\site\wwwroot\dist\</Data><Data>WEBWK00000T</Data><Data/><Data>8200</Data><Data>w3wp.exe</Data><Data>IIS APPPOOL\gomokuai</Data><Data>HttpException</Data><Data>Server cannot access application directory 'C:\home\site\wwwroot\dist\'. The directory does not exist or is not accessible because of security settings.
   at System.Web.HttpRuntime.EnsureAccessToApplicationDirectory()
   at System.Web.HttpRuntime.HostingInit(HostingEnvironmentFlags hostingFlags, PolicyLevel policyLevel, Exception appDomainCreationException)

</Data><Data>https://gomokuai-b7f4fxc7eagkb2gk.southeastasia-01.azurewebsites.net:443/api/health</Data><Data>/api/health</Data><Data>172.208.153.226</Data><Data/><Data>False</Data><Data/><Data>IIS APPPOOL\gomokuai</Data><Data>14</Data><Data>IIS APPPOOL\gomokuai</Data><Data>False</Data><Data>   at System.Web.HttpRuntime.EnsureAccessToApplicationDirectory()
   at System.Web.HttpRuntime.HostingInit(HostingEnvironmentFlags hostingFlags, PolicyLevel policyLevel, Exception appDomainCreationException)
</Data></EventData></Event><Event><System><Provider Name="ASP.NET 4.0.30319.0"/><EventID>1309</EventID><Level>2</Level><Task>0</Task><Keywords>Keywords</Keywords><TimeCreated SystemTime="2025-10-26T09:11:16Z"/><EventRecordID>412181109</EventRecordID><Channel>Application</Channel><Computer>WEBWK00000T</Computer><Security/></System><EventData><Data>3005</Data><Data>An unhandled exception has occurred.</Data><Data>10/26/2025 9:11:16 AM</Data><Data>10/26/2025 9:11:16 AM</Data><Data>36d0735bad8844c6a722375aad75bec9</Data><Data>1</Data><Data>1</Data><Data>0</Data><Data>/LM/W3SVC/1478444442/ROOT-6-134059434759962069</Data><Data/><Data>/</Data><Data>C:\home\site\wwwroot\dist\</Data><Data>WEBWK00000T</Data><Data/><Data>8200</Data><Data>w3wp.exe</Data><Data>IIS APPPOOL\gomokuai</Data><Data>HttpException</Data><Data>Server cannot access application directory 'C:\home\site\wwwroot\dist\'. The directory does not exist or is not accessible because of security settings.
   at System.Web.HttpRuntime.EnsureAccessToApplicationDirectory()
   at System.Web.HttpRuntime.HostingInit(HostingEnvironmentFlags hostingFlags, PolicyLevel policyLevel, Exception appDomainCreationException)

</Data><Data>https://gomokuai-b7f4fxc7eagkb2gk.southeastasia-01.azurewebsites.net:443/api/ai/status</Data><Data>/api/ai/status</Data><Data>172.208.153.226</Data><Data/><Data>False</Data><Data/><Data>IIS APPPOOL\gomokuai</Data><Data>8</Data><Data>IIS APPPOOL\gomokuai</Data><Data>False</Data><Data>   at System.Web.HttpRuntime.EnsureAccessToApplicationDirectory()
   at System.Web.HttpRuntime.HostingInit(HostingEnvironmentFlags hostingFlags, PolicyLevel policyLevel, Exception appDomainCreationException)
</Data></EventData></Event><Event><System><Provider Name="ASP.NET 4.0.30319.0"/><EventID>1309</EventID><Level>2</Level><Task>0</Task><Keywords>Keywords</Keywords><TimeCreated SystemTime="2025-10-26T09:11:16Z"/><EventRecordID>412181906</EventRecordID><Channel>Application</Channel><Computer>WEBWK00000T</Computer><Security/></System><EventData><Data>3005</Data><Data>An unhandled exception has occurred.</Data><Data>10/26/2025 9:11:16 AM</Data><Data>10/26/2025 9:11:16 AM</Data><Data>615635914f544602ad00f7f3b08318af</Data><Data>1</Data><Data>1</Data><Data>0</Data><Data>/LM/W3SVC/1478444442/ROOT-7-134059434767931142</Data><Data/><Data>/</Data><Data>C:\home\site\wwwroot\dist\</Data><Data>WEBWK00000T</Data><Data/><Data>8200</Data><Data>w3wp.exe</Data><Data>IIS APPPOOL\gomokuai</Data><Data>HttpException</Data><Data>Server cannot access application directory 'C:\home\site\wwwroot\dist\'. The directory does not exist or is not accessible because of security settings.
   at System.Web.HttpRuntime.EnsureAccessToApplicationDirectory()
   at System.Web.HttpRuntime.HostingInit(HostingEnvironmentFlags hostingFlags, PolicyLevel policyLevel, Exception appDomainCreationException)

</Data><Data>https://gomokuai-b7f4fxc7eagkb2gk.southeastasia-01.azurewebsites.net:443/</Data><Data>/</Data><Data>172.208.153.226</Data><Data/><Data>False</Data><Data/><Data>IIS APPPOOL\gomokuai</Data><Data>15</Data><Data>IIS APPPOOL\gomokuai</Data><Data>False</Data><Data>   at System.Web.HttpRuntime.EnsureAccessToApplicationDirectory()
   at System.Web.HttpRuntime.HostingInit(HostingEnvironmentFlags hostingFlags, PolicyLevel policyLevel, Exception appDomainCreationException)
</Data></EventData></Event><Event><System><Provider Name="ASP.NET 4.0.30319.0"/><EventID>1309</EventID><Level>2</Level><Task>0</Task><Keywords>Keywords</Keywords><TimeCreated SystemTime="2025-10-26T09:19:23Z"/><EventRecordID>412668328</EventRecordID><Channel>Application</Channel><Computer>WEBWK00000T</Computer><Security/></System><EventData><Data>3005</Data><Data>An unhandled exception has occurred.</Data><Data>10/26/2025 9:19:23 AM</Data><Data>10/26/2025 9:19:23 AM</Data><Data>df90a88dc6464de6aec1dba1998e9edd</Data><Data>1</Data><Data>1</Data><Data>0</Data><Data>/LM/W3SVC/1478444442/ROOT-8-134059439632239160</Data><Data/><Data>/</Data><Data>C:\home\site\wwwroot\dist\</Data><Data>WEBWK00000T</Data><Data/><Data>8200</Data><Data>w3wp.exe</Data><Data>IIS APPPOOL\gomokuai</Data><Data>HttpException</Data><Data>Server cannot access application directory 'C:\home\site\wwwroot\dist\'. The directory does not exist or is not accessible because of security settings.
   at System.Web.HttpRuntime.EnsureAccessToApplicationDirectory()
   at System.Web.HttpRuntime.HostingInit(HostingEnvironmentFlags hostingFlags, PolicyLevel policyLevel, Exception appDomainCreationException)

</Data><Data>https://gomokuai-b7f4fxc7eagkb2gk.southeastasia-01.azurewebsites.net:443/</Data><Data>/</Data><Data>128.94.15.169</Data><Data/><Data>False</Data><Data/><Data>IIS APPPOOL\gomokuai</Data><Data>29</Data><Data>IIS APPPOOL\gomokuai</Data><Data>False</Data><Data>   at System.Web.HttpRuntime.EnsureAccessToApplicationDirectory()
   at System.Web.HttpRuntime.HostingInit(HostingEnvironmentFlags hostingFlags, PolicyLevel policyLevel, Exception appDomainCreationException)
</Data></EventData></Event><Event><System><Provider Name="ASP.NET 4.0.30319.0"/><EventID>1309</EventID><Level>2</Level><Task>0</Task><Keywords>Keywords</Keywords><TimeCreated SystemTime="2025-10-26T09:19:51Z"/><EventRecordID>412696828</EventRecordID><Channel>Application</Channel><Computer>WEBWK00000T</Computer><Security/></System><EventData><Data>3005</Data><Data>An unhandled exception has occurred.</Data><Data>10/26/2025 9:19:51 AM</Data><Data>10/26/2025 9:19:51 AM</Data><Data>20abbff92b1c44f99ff26a998846c007</Data><Data>1</Data><Data>1</Data><Data>0</Data><Data>/LM/W3SVC/1478444442/ROOT-9-134059439917252019</Data><Data/><Data>/</Data><Data>C:\home\site\wwwroot\dist\</Data><Data>WEBWK00000T</Data><Data/><Data>8200</Data><Data>w3wp.exe</Data><Data>IIS APPPOOL\gomokuai</Data><Data>HttpException</Data><Data>Server cannot access application directory 'C:\home\site\wwwroot\dist\'. The directory does not exist or is not accessible because of security settings.
   at System.Web.HttpRuntime.EnsureAccessToApplicationDirectory()
   at System.Web.HttpRuntime.HostingInit(HostingEnvironmentFlags hostingFlags, PolicyLevel policyLevel, Exception appDomainCreationException)

</Data><Data>https://gomokuai-b7f4fxc7eagkb2gk.southeastasia-01.azurewebsites.net:443/</Data><Data>/</Data><Data>128.94.15.169</Data><Data/><Data>False</Data><Data/><Data>IIS APPPOOL\gomokuai</Data><Data>37</Data><Data>IIS APPPOOL\gomokuai</Data><Data>False</Data><Data>   at System.Web.HttpRuntime.EnsureAccessToApplicationDirectory()
   at System.Web.HttpRuntime.HostingInit(HostingEnvironmentFlags hostingFlags, PolicyLevel policyLevel, Exception appDomainCreationException)
</Data></EventData></Event><Event><System><Provider Name="ASP.NET 4.0.30319.0"/><EventID>1309</EventID><Level>2</Level><Task>0</Task><Keywords>Keywords</Keywords><TimeCreated SystemTime="2025-10-26T09:19:55Z"/><EventRecordID>412700765</EventRecordID><Channel>Application</Channel><Computer>WEBWK00000T</Computer><Security/></System><EventData><Data>3005</Data><Data>An unhandled exception has occurred.</Data><Data>10/26/2025 9:19:55 AM</Data><Data>10/26/2025 9:19:55 AM</Data><Data>bdbd6d10ba1a49b381e2ae411d834726</Data><Data>1</Data><Data>1</Data><Data>0</Data><Data>/LM/W3SVC/1478444442/ROOT-10-134059439956628585</Data><Data/><Data>/</Data><Data>C:\home\site\wwwroot\dist\</Data><Data>WEBWK00000T</Data><Data/><Data>8200</Data><Data>w3wp.exe</Data><Data>IIS APPPOOL\gomokuai</Data><Data>HttpException</Data><Data>Server cannot access application directory 'C:\home\site\wwwroot\dist\'. The directory does not exist or is not accessible because of security settings.
   at System.Web.HttpRuntime.EnsureAccessToApplicationDirectory()
   at System.Web.HttpRuntime.HostingInit(HostingEnvironmentFlags hostingFlags, PolicyLevel policyLevel, Exception appDomainCreationException)

</Data><Data>https://gomokuai-b7f4fxc7eagkb2gk.southeastasia-01.azurewebsites.net:443/</Data><Data>/</Data><Data>128.94.15.169</Data><Data/><Data>False</Data><Data/><Data>IIS APPPOOL\gomokuai</Data><Data>44</Data><Data>IIS APPPOOL\gomokuai</Data><Data>False</Data><Data>   at System.Web.HttpRuntime.EnsureAccessToApplicationDirectory()
   at System.Web.HttpRuntime.HostingInit(HostingEnvironmentFlags hostingFlags, PolicyLevel policyLevel, Exception appDomainCreationException)
</Data></EventData></Event><Event><System><Provider Name="ASP.NET 4.0.30319.0"/><EventID>1309</EventID><Level>2</Level><Task>0</Task><Keywords>Keywords</Keywords><TimeCreated SystemTime="2025-10-26T09:20:27Z"/><EventRecordID>412732546</EventRecordID><Channel>Application</Channel><Computer>WEBWK00000T</Computer><Security/></System><EventData><Data>3005</Data><Data>An unhandled exception has occurred.</Data><Data>10/26/2025 9:20:27 AM</Data><Data>10/26/2025 9:20:27 AM</Data><Data>50c0bf1876ee406b98f2d845f1223605</Data><Data>1</Data><Data>1</Data><Data>0</Data><Data>/LM/W3SVC/1478444442/ROOT-11-134059440274478331</Data><Data/><Data>/</Data><Data>C:\home\site\wwwroot\dist\</Data><Data>WEBWK00000T</Data><Data/><Data>8200</Data><Data>w3wp.exe</Data><Data>IIS APPPOOL\gomokuai</Data><Data>HttpException</Data><Data>Server cannot access application directory 'C:\home\site\wwwroot\dist\'. The directory does not exist or is not accessible because of security settings.
   at System.Web.HttpRuntime.EnsureAccessToApplicationDirectory()
   at System.Web.HttpRuntime.HostingInit(HostingEnvironmentFlags hostingFlags, PolicyLevel policyLevel, Exception appDomainCreationException)

</Data><Data>https://gomokuai-b7f4fxc7eagkb2gk.southeastasia-01.azurewebsites.net:443/</Data><Data>/</Data><Data>128.94.15.169</Data><Data/><Data>False</Data><Data/><Data>IIS APPPOOL\gomokuai</Data><Data>13</Data><Data>IIS APPPOOL\gomokuai</Data><Data>False</Data><Data>   at System.Web.HttpRuntime.EnsureAccessToApplicationDirectory()
   at System.Web.HttpRuntime.HostingInit(HostingEnvironmentFlags hostingFlags, PolicyLevel policyLevel, Exception appDomainCreationException)
</Data></EventData></Event><Event><System><Provider Name="ASP.NET 4.0.30319.0"/><EventID>1309</EventID><Level>2</Level><Task>0</Task><Keywords>Keywords</Keywords><TimeCreated SystemTime="2025-10-26T09:21:07Z"/><EventRecordID>412772968</EventRecordID><Channel>Application</Channel><Computer>WEBWK00000T</Computer><Security/></System><EventData><Data>3005</Data><Data>An unhandled exception has occurred.</Data><Data>10/26/2025 9:21:07 AM</Data><Data>10/26/2025 9:21:07 AM</Data><Data>bc6e60db5d8645b9af646049c302abf3</Data><Data>1</Data><Data>1</Data><Data>0</Data><Data>/LM/W3SVC/1478444442/ROOT-1-134059440678492951</Data><Data/><Data>/</Data><Data>C:\home\site\wwwroot\dist\</Data><Data>WEBWK00000T</Data><Data/><Data>5600</Data><Data>w3wp.exe</Data><Data>IIS APPPOOL\gomokuai</Data><Data>HttpException</Data><Data>Server cannot access application directory 'C:\home\site\wwwroot\dist\'. The directory does not exist or is not accessible because of security settings.
   at System.Web.HttpRuntime.EnsureAccessToApplicationDirectory()
   at System.Web.HttpRuntime.HostingInit(HostingEnvironmentFlags hostingFlags, PolicyLevel policyLevel, Exception appDomainCreationException)

</Data><Data>https://gomokuai-b7f4fxc7eagkb2gk.southeastasia-01.azurewebsites.net:443/</Data><Data>/</Data><Data>128.94.15.199</Data><Data/><Data>False</Data><Data/><Data>IIS APPPOOL\gomokuai</Data><Data>7</Data><Data>IIS APPPOOL\gomokuai</Data><Data>False</Data><Data>   at System.Web.HttpRuntime.EnsureAccessToApplicationDirectory()
   at System.Web.HttpRuntime.HostingInit(HostingEnvironmentFlags hostingFlags, PolicyLevel policyLevel, Exception appDomainCreationException)
</Data></EventData></Event><Event><System><Provider Name="ASP.NET 4.0.30319.0"/><EventID>1309</EventID><Level>2</Level><Task>0</Task><Keywords>Keywords</Keywords><TimeCreated SystemTime="2025-10-26T09:27:30Z"/><EventRecordID>413155375</EventRecordID><Channel>Application</Channel><Computer>WEBWK00000T</Computer><Security/></System><EventData><Data>3005</Data><Data>An unhandled exception has occurred.</Data><Data>10/26/2025 9:27:30 AM</Data><Data>10/26/2025 9:27:30 AM</Data><Data>2502d7332b824489940a90847b20f959</Data><Data>1</Data><Data>1</Data><Data>0</Data><Data>/LM/W3SVC/1478444442/ROOT-2-134059440679586741</Data><Data/><Data>/</Data><Data>C:\home\site\wwwroot\dist\</Data><Data>WEBWK00000T</Data><Data/><Data>5600</Data><Data>w3wp.exe</Data><Data>IIS APPPOOL\gomokuai</Data><Data>HttpException</Data><Data>Server cannot access application directory 'C:\home\site\wwwroot\dist\'. The directory does not exist or is not accessible because of security settings.
   at System.Web.HttpRuntime.EnsureAccessToApplicationDirectory()
   at System.Web.HttpRuntime.HostingInit(HostingEnvironmentFlags hostingFlags, PolicyLevel policyLevel, Exception appDomainCreationException)

</Data><Data>https://gomokuai-b7f4fxc7eagkb2gk.southeastasia-01.azurewebsites.net:443/</Data><Data>/</Data><Data>128.94.15.203</Data><Data/><Data>False</Data><Data/><Data>IIS APPPOOL\gomokuai</Data><Data>32</Data><Data>IIS APPPOOL\gomokuai</Data><Data>False</Data><Data>   at System.Web.HttpRuntime.EnsureAccessToApplicationDirectory()
   at System.Web.HttpRuntime.HostingInit(HostingEnvironmentFlags hostingFlags, PolicyLevel policyLevel, Exception appDomainCreationException)
</Data></EventData></Event><Event><System><Provider Name="ASP.NET 4.0.30319.0"/><EventID>1309</EventID><Level>2</Level><Task>0</Task><Keywords>Keywords</Keywords><TimeCreated SystemTime="2025-10-26T09:50:30Z"/><EventRecordID>414535734</EventRecordID><Channel>Application</Channel><Computer>WEBWK00000T</Computer><Security/></System><EventData><Data>3005</Data><Data>An unhandled exception has occurred.</Data><Data>10/26/2025 9:50:30 AM</Data><Data>10/26/2025 9:50:30 AM</Data><Data>331ad1faa82c4b4e81f349846d0113be</Data><Data>1</Data><Data>1</Data><Data>0</Data><Data>/LM/W3SVC/1478444442/ROOT-1-134059458306827068</Data><Data/><Data>/</Data><Data>C:\home\site\wwwroot\dist\</Data><Data>WEBWK00000T</Data><Data/><Data>4984</Data><Data>w3wp.exe</Data><Data>IIS APPPOOL\gomokuai</Data><Data>HttpException</Data><Data>Server cannot access application directory 'C:\home\site\wwwroot\dist\'. The directory does not exist or is not accessible because of security settings.
   at System.Web.HttpRuntime.EnsureAccessToApplicationDirectory()
   at System.Web.HttpRuntime.HostingInit(HostingEnvironmentFlags hostingFlags, PolicyLevel policyLevel, Exception appDomainCreationException)

</Data><Data>https://gomokuai-b7f4fxc7eagkb2gk.southeastasia-01.azurewebsites.net:443/</Data><Data>/</Data><Data>128.94.15.199</Data><Data/><Data>False</Data><Data/><Data>IIS APPPOOL\gomokuai</Data><Data>7</Data><Data>IIS APPPOOL\gomokuai</Data><Data>False</Data><Data>   at System.Web.HttpRuntime.EnsureAccessToApplicationDirectory()
   at System.Web.HttpRuntime.HostingInit(HostingEnvironmentFlags hostingFlags, PolicyLevel policyLevel, Exception appDomainCreationException)
</Data></EventData></Event><Event><System><Provider Name="ASP.NET 4.0.30319.0"/><EventID>1309</EventID><Level>2</Level><Task>0</Task><Keywords>Keywords</Keywords><TimeCreated SystemTime="2025-10-26T09:50:44Z"/><EventRecordID>414549437</EventRecordID><Channel>Application</Channel><Computer>WEBWK00000T</Computer><Security/></System><EventData><Data>3005</Data><Data>An unhandled exception has occurred.</Data><Data>10/26/2025 9:50:44 AM</Data><Data>10/26/2025 9:50:44 AM</Data><Data>5bfd363467b344109398d15cf5522757</Data><Data>1</Data><Data>1</Data><Data>0</Data><Data>/LM/W3SVC/1478444442/ROOT-2-134059458307920809</Data><Data/><Data>/</Data><Data>C:\home\site\wwwroot\dist\</Data><Data>WEBWK00000T</Data><Data/><Data>4984</Data><Data>w3wp.exe</Data><Data>IIS APPPOOL\gomokuai</Data><Data>HttpException</Data><Data>Server cannot access application directory 'C:\home\site\wwwroot\dist\'. The directory does not exist or is not accessible because of security settings.
   at System.Web.HttpRuntime.EnsureAccessToApplicationDirectory()
   at System.Web.HttpRuntime.HostingInit(HostingEnvironmentFlags hostingFlags, PolicyLevel policyLevel, Exception appDomainCreationException)

</Data><Data>https://gomokuai-b7f4fxc7eagkb2gk.southeastasia-01.azurewebsites.net:443/api/health</Data><Data>/api/health</Data><Data>135.232.216.66</Data><Data/><Data>False</Data><Data/><Data>IIS APPPOOL\gomokuai</Data><Data>10</Data><Data>IIS APPPOOL\gomokuai</Data><Data>False</Data><Data>   at System.Web.HttpRuntime.EnsureAccessToApplicationDirectory()
   at System.Web.HttpRuntime.HostingInit(HostingEnvironmentFlags hostingFlags, PolicyLevel policyLevel, Exception appDomainCreationException)
</Data></EventData></Event><Event><System><Provider Name="ASP.NET 4.0.30319.0"/><EventID>1309</EventID><Level>2</Level><Task>0</Task><Keywords>Keywords</Keywords><TimeCreated SystemTime="2025-10-26T09:50:55Z"/><EventRecordID>414560343</EventRecordID><Channel>Application</Channel><Computer>WEBWK00000T</Computer><Security/></System><EventData><Data>3005</Data><Data>An unhandled exception has occurred.</Data><Data>10/26/2025 9:50:55 AM</Data><Data>10/26/2025 9:50:55 AM</Data><Data>05d20ec801954d4595ce9ec2fa7e0364</Data><Data>1</Data><Data>1</Data><Data>0</Data><Data>/LM/W3SVC/1478444442/ROOT-3-134059458552992726</Data><Data/><Data>/</Data><Data>C:\home\site\wwwroot\dist\</Data><Data>WEBWK00000T</Data><Data/><Data>4984</Data><Data>w3wp.exe</Data><Data>IIS APPPOOL\gomokuai</Data><Data>HttpException</Data><Data>Server cannot access application directory 'C:\home\site\wwwroot\dist\'. The directory does not exist or is not accessible because of security settings.
   at System.Web.HttpRuntime.EnsureAccessToApplicationDirectory()
   at System.Web.HttpRuntime.HostingInit(HostingEnvironmentFlags hostingFlags, PolicyLevel policyLevel, Exception appDomainCreationException)

</Data><Data>https://gomokuai-b7f4fxc7eagkb2gk.southeastasia-01.azurewebsites.net:443/api/health</Data><Data>/api/health</Data><Data>135.232.216.66</Data><Data/><Data>False</Data><Data/><Data>IIS APPPOOL\gomokuai</Data><Data>8</Data><Data>IIS APPPOOL\gomokuai</Data><Data>False</Data><Data>   at System.Web.HttpRuntime.EnsureAccessToApplicationDirectory()
   at System.Web.HttpRuntime.HostingInit(HostingEnvironmentFlags hostingFlags, PolicyLevel policyLevel, Exception appDomainCreationException)
</Data></EventData></Event><Event><System><Provider Name="ASP.NET 4.0.30319.0"/><EventID>1309</EventID><Level>2</Level><Task>0</Task><Keywords>Keywords</Keywords><TimeCreated SystemTime="2025-10-26T09:51:06Z"/><EventRecordID>414571234</EventRecordID><Channel>Application</Channel><Computer>WEBWK00000T</Computer><Security/></System><EventData><Data>3005</Data><Data>An unhandled exception has occurred.</Data><Data>10/26/2025 9:51:06 AM</Data><Data>10/26/2025 9:51:06 AM</Data><Data>dde5ce1c2cdf42dab1f01dd87049e1a6</Data><Data>1</Data><Data>1</Data><Data>0</Data><Data>/LM/W3SVC/1478444442/ROOT-4-134059458661902880</Data><Data/><Data>/</Data><Data>C:\home\site\wwwroot\dist\</Data><Data>WEBWK00000T</Data><Data/><Data>4984</Data><Data>w3wp.exe</Data><Data>IIS APPPOOL\gomokuai</Data><Data>HttpException</Data><Data>Server cannot access application directory 'C:\home\site\wwwroot\dist\'. The directory does not exist or is not accessible because of security settings.
   at System.Web.HttpRuntime.EnsureAccessToApplicationDirectory()
   at System.Web.HttpRuntime.HostingInit(HostingEnvironmentFlags hostingFlags, PolicyLevel policyLevel, Exception appDomainCreationException)

</Data><Data>https://gomokuai-b7f4fxc7eagkb2gk.southeastasia-01.azurewebsites.net:443/api/health</Data><Data>/api/health</Data><Data>135.232.216.66</Data><Data/><Data>False</Data><Data/><Data>IIS APPPOOL\gomokuai</Data><Data>10</Data><Data>IIS APPPOOL\gomokuai</Data><Data>False</Data><Data>   at System.Web.HttpRuntime.EnsureAccessToApplicationDirectory()
   at System.Web.HttpRuntime.HostingInit(HostingEnvironmentFlags hostingFlags, PolicyLevel policyLevel, Exception appDomainCreationException)
</Data></EventData></Event><Event><System><Provider Name="ASP.NET 4.0.30319.0"/><EventID>1309</EventID><Level>2</Level><Task>0</Task><Keywords>Keywords</Keywords><TimeCreated SystemTime="2025-10-26T09:51:17Z"/><EventRecordID>414582140</EventRecordID><Channel>Application</Channel><Computer>WEBWK00000T</Computer><Security/></System><EventData><Data>3005</Data><Data>An unhandled exception has occurred.</Data><Data>10/26/2025 9:51:17 AM</Data><Data>10/26/2025 9:51:17 AM</Data><Data>9fce343bb46a4cc48425154617f0d04d</Data><Data>1</Data><Data>1</Data><Data>0</Data><Data>/LM/W3SVC/1478444442/ROOT-5-134059458770969472</Data><Data/><Data>/</Data><Data>C:\home\site\wwwroot\dist\</Data><Data>WEBWK00000T</Data><Data/><Data>4984</Data><Data>w3wp.exe</Data><Data>IIS APPPOOL\gomokuai</Data><Data>HttpException</Data><Data>Server cannot access application directory 'C:\home\site\wwwroot\dist\'. The directory does not exist or is not accessible because of security settings.
   at System.Web.HttpRuntime.EnsureAccessToApplicationDirectory()
   at System.Web.HttpRuntime.HostingInit(HostingEnvironmentFlags hostingFlags, PolicyLevel policyLevel, Exception appDomainCreationException)

</Data><Data>https://gomokuai-b7f4fxc7eagkb2gk.southeastasia-01.azurewebsites.net:443/api/health</Data><Data>/api/health</Data><Data>135.232.216.66</Data><Data/><Data>False</Data><Data/><Data>IIS APPPOOL\gomokuai</Data><Data>14</Data><Data>IIS APPPOOL\gomokuai</Data><Data>False</Data><Data>   at System.Web.HttpRuntime.EnsureAccessToApplicationDirectory()
   at System.Web.HttpRuntime.HostingInit(HostingEnvironmentFlags hostingFlags, PolicyLevel policyLevel, Exception appDomainCreationException)
</Data></EventData></Event><Event><System><Provider Name="ASP.NET 4.0.30319.0"/><EventID>1309</EventID><Level>2</Level><Task>0</Task><Keywords>Keywords</Keywords><TimeCreated SystemTime="2025-10-26T09:51:28Z"/><EventRecordID>414593046</EventRecordID><Channel>Application</Channel><Computer>WEBWK00000T</Computer><Security/></System><EventData><Data>3005</Data><Data>An unhandled exception has occurred.</Data><Data>10/26/2025 9:51:28 AM</Data><Data>10/26/2025 9:51:28 AM</Data><Data>694932d353824c74b2546e6b9ee23e80</Data><Data>1</Data><Data>1</Data><Data>0</Data><Data>/LM/W3SVC/1478444442/ROOT-6-134059458880051584</Data><Data/><Data>/</Data><Data>C:\home\site\wwwroot\dist\</Data><Data>WEBWK00000T</Data><Data/><Data>4984</Data><Data>w3wp.exe</Data><Data>IIS APPPOOL\gomokuai</Data><Data>HttpException</Data><Data>Server cannot access application directory 'C:\home\site\wwwroot\dist\'. The directory does not exist or is not accessible because of security settings.
   at System.Web.HttpRuntime.EnsureAccessToApplicationDirectory()
   at System.Web.HttpRuntime.HostingInit(HostingEnvironmentFlags hostingFlags, PolicyLevel policyLevel, Exception appDomainCreationException)

</Data><Data>https://gomokuai-b7f4fxc7eagkb2gk.southeastasia-01.azurewebsites.net:443/api/health</Data><Data>/api/health</Data><Data>135.232.216.66</Data><Data/><Data>False</Data><Data/><Data>IIS APPPOOL\gomokuai</Data><Data>7</Data><Data>IIS APPPOOL\gomokuai</Data><Data>False</Data><Data>   at System.Web.HttpRuntime.EnsureAccessToApplicationDirectory()
   at System.Web.HttpRuntime.HostingInit(HostingEnvironmentFlags hostingFlags, PolicyLevel policyLevel, Exception appDomainCreationException)
</Data></EventData></Event><Event><System><Provider Name="ASP.NET 4.0.30319.0"/><EventID>1309</EventID><Level>2</Level><Task>0</Task><Keywords>Keywords</Keywords><TimeCreated SystemTime="2025-10-26T09:51:38Z"/><EventRecordID>414603953</EventRecordID><Channel>Application</Channel><Computer>WEBWK00000T</Computer><Security/></System><EventData><Data>3005</Data><Data>An unhandled exception has occurred.</Data><Data>10/26/2025 9:51:38 AM</Data><Data>10/26/2025 9:51:38 AM</Data><Data>90f4d1c2d6be4a329d87f5d65f4e67f3</Data><Data>1</Data><Data>1</Data><Data>0</Data><Data>/LM/W3SVC/1478444442/ROOT-7-134059458989120854</Data><Data/><Data>/</Data><Data>C:\home\site\wwwroot\dist\</Data><Data>WEBWK00000T</Data><Data/><Data>4984</Data><Data>w3wp.exe</Data><Data>IIS APPPOOL\gomokuai</Data><Data>HttpException</Data><Data>Server cannot access application directory 'C:\home\site\wwwroot\dist\'. The directory does not exist or is not accessible because of security settings.
   at System.Web.HttpRuntime.EnsureAccessToApplicationDirectory()
   at System.Web.HttpRuntime.HostingInit(HostingEnvironmentFlags hostingFlags, PolicyLevel policyLevel, Exception appDomainCreationException)

</Data><Data>https://gomokuai-b7f4fxc7eagkb2gk.southeastasia-01.azurewebsites.net:443/api/ai/status</Data><Data>/api/ai/status</Data><Data>135.232.216.66</Data><Data/><Data>False</Data><Data/><Data>IIS APPPOOL\gomokuai</Data><Data>14</Data><Data>IIS APPPOOL\gomokuai</Data><Data>False</Data><Data>   at System.Web.HttpRuntime.EnsureAccessToApplicationDirectory()
   at System.Web.HttpRuntime.HostingInit(HostingEnvironmentFlags hostingFlags, PolicyLevel policyLevel, Exception appDomainCreationException)
</Data></EventData></Event><Event><System><Provider Name="ASP.NET 4.0.30319.0"/><EventID>1309</EventID><Level>2</Level><Task>0</Task><Keywords>Keywords</Keywords><TimeCreated SystemTime="2025-10-26T09:51:39Z"/><EventRecordID>414604843</EventRecordID><Channel>Application</Channel><Computer>WEBWK00000T</Computer><Security/></System><EventData><Data>3005</Data><Data>An unhandled exception has occurred.</Data><Data>10/26/2025 9:51:39 AM</Data><Data>10/26/2025 9:51:39 AM</Data><Data>7832f7efc0934602a6873e76a1d92d52</Data><Data>1</Data><Data>1</Data><Data>0</Data><Data>/LM/W3SVC/1478444442/ROOT-8-134059458998027502</Data><Data/><Data>/</Data><Data>C:\home\site\wwwroot\dist\</Data><Data>WEBWK00000T</Data><Data/><Data>4984</Data><Data>w3wp.exe</Data><Data>IIS APPPOOL\gomokuai</Data><Data>HttpException</Data><Data>Server cannot access application directory 'C:\home\site\wwwroot\dist\'. The directory does not exist or is not accessible because of security settings.
   at System.Web.HttpRuntime.EnsureAccessToApplicationDirectory()
   at System.Web.HttpRuntime.HostingInit(HostingEnvironmentFlags hostingFlags, PolicyLevel policyLevel, Exception appDomainCreationException)

</Data><Data>https://gomokuai-b7f4fxc7eagkb2gk.southeastasia-01.azurewebsites.net:443/</Data><Data>/</Data><Data>135.232.216.66</Data><Data/><Data>False</Data><Data/><Data>IIS APPPOOL\gomokuai</Data><Data>9</Data><Data>IIS APPPOOL\gomokuai</Data><Data>False</Data><Data>   at System.Web.HttpRuntime.EnsureAccessToApplicationDirectory()
   at System.Web.HttpRuntime.HostingInit(HostingEnvironmentFlags hostingFlags, PolicyLevel policyLevel, Exception appDomainCreationException)
</Data></EventData></Event><Event><System><Provider Name="ASP.NET 4.0.30319.0"/><EventID>1309</EventID><Level>2</Level><Task>0</Task><Keywords>Keywords</Keywords><TimeCreated SystemTime="2025-10-26T09:52:04Z"/><EventRecordID>414629484</EventRecordID><Channel>Application</Channel><Computer>WEBWK00000T</Computer><Security/></System><EventData><Data>3005</Data><Data>An unhandled exception has occurred.</Data><Data>10/26/2025 9:52:04 AM</Data><Data>10/26/2025 9:52:04 AM</Data><Data>d2459d11e5a148098247f98ee4eda79a</Data><Data>1</Data><Data>1</Data><Data>0</Data><Data>/LM/W3SVC/1478444442/ROOT-9-134059459244598882</Data><Data/><Data>/</Data><Data>C:\home\site\wwwroot\dist\</Data><Data>WEBWK00000T</Data><Data/><Data>4984</Data><Data>w3wp.exe</Data><Data>IIS APPPOOL\gomokuai</Data><Data>HttpException</Data><Data>Server cannot access application directory 'C:\home\site\wwwroot\dist\'. The directory does not exist or is not accessible because of security settings.
   at System.Web.HttpRuntime.EnsureAccessToApplicationDirectory()
   at System.Web.HttpRuntime.HostingInit(HostingEnvironmentFlags hostingFlags, PolicyLevel policyLevel, Exception appDomainCreationException)

</Data><Data>https://gomokuai-b7f4fxc7eagkb2gk.southeastasia-01.azurewebsites.net:443/</Data><Data>/</Data><Data>128.94.15.199</Data><Data/><Data>False</Data><Data/><Data>IIS APPPOOL\gomokuai</Data><Data>13</Data><Data>IIS APPPOOL\gomokuai</Data><Data>False</Data><Data>   at System.Web.HttpRuntime.EnsureAccessToApplicationDirectory()
   at System.Web.HttpRuntime.HostingInit(HostingEnvironmentFlags hostingFlags, PolicyLevel policyLevel, Exception appDomainCreationException)
</Data></EventData></Event><Event><System><Provider Name="ASP.NET 4.0.30319.0"/><EventID>1309</EventID><Level>2</Level><Task>0</Task><Keywords>Keywords</Keywords><TimeCreated SystemTime="2025-10-26T09:52:10Z"/><EventRecordID>414635796</EventRecordID><Channel>Application</Channel><Computer>WEBWK00000T</Computer><Security/></System><EventData><Data>3005</Data><Data>An unhandled exception has occurred.</Data><Data>10/26/2025 9:52:10 AM</Data><Data>10/26/2025 9:52:10 AM</Data><Data>1e6ead2a4ef14f1f97be307b4df88c97</Data><Data>1</Data><Data>1</Data><Data>0</Data><Data>/LM/W3SVC/1478444442/ROOT-10-134059459307726194</Data><Data/><Data>/</Data><Data>C:\home\site\wwwroot\dist\</Data><Data>WEBWK00000T</Data><Data/><Data>4984</Data><Data>w3wp.exe</Data><Data>IIS APPPOOL\gomokuai</Data><Data>HttpException</Data><Data>Server cannot access application directory 'C:\home\site\wwwroot\dist\'. The directory does not exist or is not accessible because of security settings.
   at System.Web.HttpRuntime.EnsureAccessToApplicationDirectory()
   at System.Web.HttpRuntime.HostingInit(HostingEnvironmentFlags hostingFlags, PolicyLevel policyLevel, Exception appDomainCreationException)

</Data><Data>https://gomokuai-b7f4fxc7eagkb2gk.southeastasia-01.azurewebsites.net:443/</Data><Data>/</Data><Data>128.94.15.199</Data><Data/><Data>False</Data><Data/><Data>IIS APPPOOL\gomokuai</Data><Data>16</Data><Data>IIS APPPOOL\gomokuai</Data><Data>False</Data><Data>   at System.Web.HttpRuntime.EnsureAccessToApplicationDirectory()
   at System.Web.HttpRuntime.HostingInit(HostingEnvironmentFlags hostingFlags, PolicyLevel policyLevel, Exception appDomainCreationException)
</Data></EventData></Event><Event><System><Provider Name="ASP.NET 4.0.30319.0"/><EventID>1309</EventID><Level>2</Level><Task>0</Task><Keywords>Keywords</Keywords><TimeCreated SystemTime="2025-10-26T09:52:59Z"/><EventRecordID>414684234</EventRecordID><Channel>Application</Channel><Computer>WEBWK00000T</Computer><Security/></System><EventData><Data>3005</Data><Data>An unhandled exception has occurred.</Data><Data>10/26/2025 9:52:59 AM</Data><Data>10/26/2025 9:52:59 AM</Data><Data>2fa71b93a9f14cd3b5541816ba9333c0</Data><Data>1</Data><Data>1</Data><Data>0</Data><Data>/LM/W3SVC/1478444442/ROOT-11-134059459791986476</Data><Data/><Data>/</Data><Data>C:\home\site\wwwroot\dist\</Data><Data>WEBWK00000T</Data><Data/><Data>4984</Data><Data>w3wp.exe</Data><Data>IIS APPPOOL\gomokuai</Data><Data>HttpException</Data><Data>Server cannot access application directory 'C:\home\site\wwwroot\dist\'. The directory does not exist or is not accessible because of security settings.
   at System.Web.HttpRuntime.EnsureAccessToApplicationDirectory()
   at System.Web.HttpRuntime.HostingInit(HostingEnvironmentFlags hostingFlags, PolicyLevel policyLevel, Exception appDomainCreationException)

</Data><Data>https://gomokuai-b7f4fxc7eagkb2gk.southeastasia-01.azurewebsites.net:443/</Data><Data>/</Data><Data>128.94.15.169</Data><Data/><Data>False</Data><Data/><Data>IIS APPPOOL\gomokuai</Data><Data>5</Data><Data>IIS APPPOOL\gomokuai</Data><Data>False</Data><Data>   at System.Web.HttpRuntime.EnsureAccessToApplicationDirectory()
   at System.Web.HttpRuntime.HostingInit(HostingEnvironmentFlags hostingFlags, PolicyLevel policyLevel, Exception appDomainCreationException)
</Data></EventData></Event><Event><System><Provider Name="ASP.NET 4.0.30319.0"/><EventID>1309</EventID><Level>2</Level><Task>0</Task><Keywords>Keywords</Keywords><TimeCreated SystemTime="2025-10-26T09:54:04Z"/><EventRecordID>414749531</EventRecordID><Channel>Application</Channel><Computer>WEBWK00000T</Computer><Security/></System><EventData><Data>3005</Data><Data>An unhandled exception has occurred.</Data><Data>10/26/2025 9:54:04 AM</Data><Data>10/26/2025 9:54:04 AM</Data><Data>5a9159c05d0a4bbfabab7de0517d7d29</Data><Data>1</Data><Data>1</Data><Data>0</Data><Data>/LM/W3SVC/1478444442/ROOT-12-134059460445057592</Data><Data/><Data>/</Data><Data>C:\home\site\wwwroot\dist\</Data><Data>WEBWK00000T</Data><Data/><Data>4984</Data><Data>w3wp.exe</Data><Data>IIS APPPOOL\gomokuai</Data><Data>HttpException</Data><Data>Server cannot access application directory 'C:\home\site\wwwroot\dist\'. The directory does not exist or is not accessible because of security settings.
   at System.Web.HttpRuntime.EnsureAccessToApplicationDirectory()
   at System.Web.HttpRuntime.HostingInit(HostingEnvironmentFlags hostingFlags, PolicyLevel policyLevel, Exception appDomainCreationException)

</Data><Data>https://gomokuai-b7f4fxc7eagkb2gk.southeastasia-01.azurewebsites.net:443/</Data><Data>/</Data><Data>128.94.15.169</Data><Data/><Data>False</Data><Data/><Data>IIS APPPOOL\gomokuai</Data><Data>12</Data><Data>IIS APPPOOL\gomokuai</Data><Data>False</Data><Data>   at System.Web.HttpRuntime.EnsureAccessToApplicationDirectory()
   at System.Web.HttpRuntime.HostingInit(HostingEnvironmentFlags hostingFlags, PolicyLevel policyLevel, Exception appDomainCreationException)
</Data></EventData></Event><Event><System><Provider Name="ASP.NET 4.0.30319.0"/><EventID>1309</EventID><Level>2</Level><Task>0</Task><Keywords>Keywords</Keywords><TimeCreated SystemTime="2025-10-26T09:54:11Z"/><EventRecordID>414756781</EventRecordID><Channel>Application</Channel><Computer>WEBWK00000T</Computer><Security/></System><EventData><Data>3005</Data><Data>An unhandled exception has occurred.</Data><Data>10/26/2025 9:54:11 AM</Data><Data>10/26/2025 9:54:11 AM</Data><Data>3be9d3ae09144526a0c3a677dd991bf2</Data><Data>1</Data><Data>1</Data><Data>0</Data><Data>/LM/W3SVC/1478444442/ROOT-13-134059460517560244</Data><Data/><Data>/</Data><Data>C:\home\site\wwwroot\dist\</Data><Data>WEBWK00000T</Data><Data/><Data>4984</Data><Data>w3wp.exe</Data><Data>IIS APPPOOL\gomokuai</Data><Data>HttpException</Data><Data>Server cannot access application directory 'C:\home\site\wwwroot\dist\'. The directory does not exist or is not accessible because of security settings.
   at System.Web.HttpRuntime.EnsureAccessToApplicationDirectory()
   at System.Web.HttpRuntime.HostingInit(HostingEnvironmentFlags hostingFlags, PolicyLevel policyLevel, Exception appDomainCreationException)

</Data><Data>https://gomokuai-b7f4fxc7eagkb2gk.southeastasia-01.azurewebsites.net:443/</Data><Data>/</Data><Data>128.94.15.169</Data><Data/><Data>False</Data><Data/><Data>IIS APPPOOL\gomokuai</Data><Data>5</Data><Data>IIS APPPOOL\gomokuai</Data><Data>False</Data><Data>   at System.Web.HttpRuntime.EnsureAccessToApplicationDirectory()
   at System.Web.HttpRuntime.HostingInit(HostingEnvironmentFlags hostingFlags, PolicyLevel policyLevel, Exception appDomainCreationException)
</Data></EventData></Event><Event><System><Provider Name="ASP.NET 4.0.30319.0"/><EventID>1309</EventID><Level>2</Level><Task>0</Task><Keywords>Keywords</Keywords><TimeCreated SystemTime="2025-10-26T09:54:17Z"/><EventRecordID>414762203</EventRecordID><Channel>Application</Channel><Computer>WEBWK00000T</Computer><Security/></System><EventData><Data>3005</Data><Data>An unhandled exception has occurred.</Data><Data>10/26/2025 9:54:17 AM</Data><Data>10/26/2025 9:54:17 AM</Data><Data>4864e53b8b9747e8bbd0f4799953df8b</Data><Data>1</Data><Data>1</Data><Data>0</Data><Data>/LM/W3SVC/1478444442/ROOT-14-134059460571624683</Data><Data/><Data>/</Data><Data>C:\home\site\wwwroot\dist\</Data><Data>WEBWK00000T</Data><Data/><Data>4984</Data><Data>w3wp.exe</Data><Data>IIS APPPOOL\gomokuai</Data><Data>HttpException</Data><Data>Server cannot access application directory 'C:\home\site\wwwroot\dist\'. The directory does not exist or is not accessible because of security settings.
   at System.Web.HttpRuntime.EnsureAccessToApplicationDirectory()
   at System.Web.HttpRuntime.HostingInit(HostingEnvironmentFlags hostingFlags, PolicyLevel policyLevel, Exception appDomainCreationException)

</Data><Data>https://gomokuai-b7f4fxc7eagkb2gk.southeastasia-01.azurewebsites.net:443/</Data><Data>/</Data><Data>128.94.15.169</Data><Data/><Data>False</Data><Data/><Data>IIS APPPOOL\gomokuai</Data><Data>8</Data><Data>IIS APPPOOL\gomokuai</Data><Data>False</Data><Data>   at System.Web.HttpRuntime.EnsureAccessToApplicationDirectory()
   at System.Web.HttpRuntime.HostingInit(HostingEnvironmentFlags hostingFlags, PolicyLevel policyLevel, Exception appDomainCreationException)
</Data></EventData></Event><Event><System><Provider Name="ASP.NET 4.0.30319.0"/><EventID>1309</EventID><Level>2</Level><Task>0</Task><Keywords>Keywords</Keywords><TimeCreated SystemTime="2025-10-26T09:54:19Z"/><EventRecordID>414764218</EventRecordID><Channel>Application</Channel><Computer>WEBWK00000T</Computer><Security/></System><EventData><Data>3005</Data><Data>An unhandled exception has occurred.</Data><Data>10/26/2025 9:54:19 AM</Data><Data>10/26/2025 9:54:19 AM</Data><Data>2d1ca7bf90324742981186ce2b05f3af</Data><Data>1</Data><Data>1</Data><Data>0</Data><Data>/LM/W3SVC/1478444442/ROOT-15-134059460591937721</Data><Data/><Data>/</Data><Data>C:\home\site\wwwroot\dist\</Data><Data>WEBWK00000T</Data><Data/><Data>4984</Data><Data>w3wp.exe</Data><Data>IIS APPPOOL\gomokuai</Data><Data>HttpException</Data><Data>Server cannot access application directory 'C:\home\site\wwwroot\dist\'. The directory does not exist or is not accessible because of security settings.
   at System.Web.HttpRuntime.EnsureAccessToApplicationDirectory()
   at System.Web.HttpRuntime.HostingInit(HostingEnvironmentFlags hostingFlags, PolicyLevel policyLevel, Exception appDomainCreationException)

</Data><Data>https://gomokuai-b7f4fxc7eagkb2gk.southeastasia-01.azurewebsites.net:443/</Data><Data>/</Data><Data>128.94.15.169</Data><Data/><Data>False</Data><Data/><Data>IIS APPPOOL\gomokuai</Data><Data>17</Data><Data>IIS APPPOOL\gomokuai</Data><Data>False</Data><Data>   at System.Web.HttpRuntime.EnsureAccessToApplicationDirectory()
   at System.Web.HttpRuntime.HostingInit(HostingEnvironmentFlags hostingFlags, PolicyLevel policyLevel, Exception appDomainCreationException)
</Data></EventData></Event><Event><System><Provider Name="ASP.NET 4.0.30319.0"/><EventID>1309</EventID><Level>2</Level><Task>0</Task><Keywords>Keywords</Keywords><TimeCreated SystemTime="2025-10-26T09:54:21Z"/><EventRecordID>414766218</EventRecordID><Channel>Application</Channel><Computer>WEBWK00000T</Computer><Security/></System><EventData><Data>3005</Data><Data>An unhandled exception has occurred.</Data><Data>10/26/2025 9:54:21 AM</Data><Data>10/26/2025 9:54:21 AM</Data><Data>4bd7db1fe4954327aae790f12085b397</Data><Data>1</Data><Data>1</Data><Data>0</Data><Data>/LM/W3SVC/1478444442/ROOT-16-134059460611938403</Data><Data/><Data>/</Data><Data>C:\home\site\wwwroot\dist\</Data><Data>WEBWK00000T</Data><Data/><Data>4984</Data><Data>w3wp.exe</Data><Data>IIS APPPOOL\gomokuai</Data><Data>HttpException</Data><Data>Server cannot access application directory 'C:\home\site\wwwroot\dist\'. The directory does not exist or is not accessible because of security settings.
   at System.Web.HttpRuntime.EnsureAccessToApplicationDirectory()
   at System.Web.HttpRuntime.HostingInit(HostingEnvironmentFlags hostingFlags, PolicyLevel policyLevel, Exception appDomainCreationException)

</Data><Data>https://gomokuai-b7f4fxc7eagkb2gk.southeastasia-01.azurewebsites.net:443/</Data><Data>/</Data><Data>128.94.15.169</Data><Data/><Data>False</Data><Data/><Data>IIS APPPOOL\gomokuai</Data><Data>12</Data><Data>IIS APPPOOL\gomokuai</Data><Data>False</Data><Data>   at System.Web.HttpRuntime.EnsureAccessToApplicationDirectory()
   at System.Web.HttpRuntime.HostingInit(HostingEnvironmentFlags hostingFlags, PolicyLevel policyLevel, Exception appDomainCreationException)
</Data></EventData></Event><Event><System><Provider Name="Visual Studio Remote Debugger"/><EventID>1001</EventID><Level>1</Level><Task>0</Task><Keywords>Keywords</Keywords><TimeCreated SystemTime="2025-10-26T10:07:12Z"/><EventRecordID>415537328</EventRecordID><Channel>Application</Channel><Computer>WEBWK00000T</Computer><Security/></System><EventData><Data>Msvsmon was unable to start a server named '127.0.0.1:49358'. The following error occurred: An instance of the remote debugger is already running on this computer, or another process is already bound to the specified TCP/IP port.

View Msvsmon's help for more information.</Data><Binary>08005E80</Binary></EventData></Event><Event><System><Provider Name="Visual Studio Remote Debugger"/><EventID>1001</EventID><Level>1</Level><Task>0</Task><Keywords>Keywords</Keywords><TimeCreated SystemTime="2025-10-26T10:07:23Z"/><EventRecordID>415548343</EventRecordID><Channel>Application</Channel><Computer>WEBWK00000T</Computer><Security/></System><EventData><Data>Msvsmon was unable to start a server named '127.0.0.1:49358'. The following error occurred: An instance of the remote debugger is already running on this computer, or another process is already bound to the specified TCP/IP port.

View Msvsmon's help for more information.</Data><Binary>08005E80</Binary></EventData></Event><Event><System><Provider Name="Visual Studio Remote Debugger"/><EventID>1001</EventID><Level>1</Level><Task>0</Task><Keywords>Keywords</Keywords><TimeCreated SystemTime="2025-10-26T10:07:34Z"/><EventRecordID>415559265</EventRecordID><Channel>Application</Channel><Computer>WEBWK00000T</Computer><Security/></System><EventData><Data>Msvsmon was unable to start a server named '127.0.0.1:49358'. The following error occurred: An instance of the remote debugger is already running on this computer, or another process is already bound to the specified TCP/IP port.

View Msvsmon's help for more information.</Data><Binary>08005E80</Binary></EventData></Event><Event><System><Provider Name="Visual Studio Remote Debugger"/><EventID>1001</EventID><Level>1</Level><Task>0</Task><Keywords>Keywords</Keywords><TimeCreated SystemTime="2025-10-26T10:07:45Z"/><EventRecordID>415570234</EventRecordID><Channel>Application</Channel><Computer>WEBWK00000T</Computer><Security/></System><EventData><Data>Msvsmon was unable to start a server named '127.0.0.1:49358'. The following error occurred: An instance of the remote debugger is already running on this computer, or another process is already bound to the specified TCP/IP port.

View Msvsmon's help for more information.</Data><Binary>08005E80</Binary></EventData></Event><Event><System><Provider Name="Visual Studio Remote Debugger"/><EventID>1001</EventID><Level>1</Level><Task>0</Task><Keywords>Keywords</Keywords><TimeCreated SystemTime="2025-10-26T10:07:56Z"/><EventRecordID>415581171</EventRecordID><Channel>Application</Channel><Computer>WEBWK00000T</Computer><Security/></System><EventData><Data>Msvsmon was unable to start a server named '127.0.0.1:49358'. The following error occurred: An instance of the remote debugger is already running on this computer, or another process is already bound to the specified TCP/IP port.

View Msvsmon's help for more information.</Data><Binary>08005E80</Binary></EventData></Event><Event><System><Provider Name="Visual Studio Remote Debugger"/><EventID>1001</EventID><Level>1</Level><Task>0</Task><Keywords>Keywords</Keywords><TimeCreated SystemTime="2025-10-26T10:08:07Z"/><EventRecordID>415592078</EventRecordID><Channel>Application</Channel><Computer>WEBWK00000T</Computer><Security/></System><EventData><Data>Msvsmon was unable to start a server named '127.0.0.1:49358'. The following error occurred: An instance of the remote debugger is already running on this computer, or another process is already bound to the specified TCP/IP port.

View Msvsmon's help for more information.</Data><Binary>08005E80</Binary></EventData></Event><Event><System><Provider Name="Visual Studio Remote Debugger"/><EventID>1001</EventID><Level>1</Level><Task>0</Task><Keywords>Keywords</Keywords><TimeCreated SystemTime="2025-10-26T10:08:08Z"/><EventRecordID>415593000</EventRecordID><Channel>Application</Channel><Computer>WEBWK00000T</Computer><Security/></System><EventData><Data>Msvsmon was unable to start a server named '127.0.0.1:49358'. The following error occurred: An instance of the remote debugger is already running on this computer, or another process is already bound to the specified TCP/IP port.

View Msvsmon's help for more information.</Data><Binary>08005E80</Binary></EventData></Event><Event><System><Provider Name="Visual Studio Remote Debugger"/><EventID>1001</EventID><Level>1</Level><Task>0</Task><Keywords>Keywords</Keywords><TimeCreated SystemTime="2025-10-26T10:08:46Z"/><EventRecordID>415631546</EventRecordID><Channel>Application</Channel><Computer>WEBWK00000T</Computer><Security/></System><EventData><Data>Msvsmon was unable to start a server named '127.0.0.1:49358'. The following error occurred: An instance of the remote debugger is already running on this computer, or another process is already bound to the specified TCP/IP port.

View Msvsmon's help for more information.</Data><Binary>08005E80</Binary></EventData></Event><Event><System><Provider Name="Visual Studio Remote Debugger"/><EventID>1001</EventID><Level>1</Level><Task>0</Task><Keywords>Keywords</Keywords><TimeCreated SystemTime="2025-10-26T10:09:10Z"/><EventRecordID>415655484</EventRecordID><Channel>Application</Channel><Computer>WEBWK00000T</Computer><Security/></System><EventData><Data>Msvsmon was unable to start a server named '127.0.0.1:49358'. The following error occurred: An instance of the remote debugger is already running on this computer, or another process is already bound to the specified TCP/IP port.

View Msvsmon's help for more information.</Data><Binary>08005E80</Binary></EventData></Event><Event><System><Provider Name="Visual Studio Remote Debugger"/><EventID>1001</EventID><Level>1</Level><Task>0</Task><Keywords>Keywords</Keywords><TimeCreated SystemTime="2025-10-26T10:09:14Z"/><EventRecordID>415659187</EventRecordID><Channel>Application</Channel><Computer>WEBWK00000T</Computer><Security/></System><EventData><Data>Msvsmon was unable to start a server named '127.0.0.1:49358'. The following error occurred: An instance of the remote debugger is already running on this computer, or another process is already bound to the specified TCP/IP port.

View Msvsmon's help for more information.</Data><Binary>08005E80</Binary></EventData></Event><Event><System><Provider Name="Visual Studio Remote Debugger"/><EventID>1001</EventID><Level>1</Level><Task>0</Task><Keywords>Keywords</Keywords><TimeCreated SystemTime="2025-10-26T10:09:17Z"/><EventRecordID>415662765</EventRecordID><Channel>Application</Channel><Computer>WEBWK00000T</Computer><Security/></System><EventData><Data>Msvsmon was unable to start a server named '127.0.0.1:49358'. The following error occurred: An instance of the remote debugger is already running on this computer, or another process is already bound to the specified TCP/IP port.

View Msvsmon's help for more information.</Data><Binary>08005E80</Binary></EventData></Event><Event><System><Provider Name="Visual Studio Remote Debugger"/><EventID>1001</EventID><Level>1</Level><Task>0</Task><Keywords>Keywords</Keywords><TimeCreated SystemTime="2025-10-26T10:12:58Z"/><EventRecordID>415883171</EventRecordID><Channel>Application</Channel><Computer>WEBWK00000T</Computer><Security/></System><EventData><Data>Msvsmon was unable to start a server named '127.0.0.1:49358'. The following error occurred: An instance of the remote debugger is already running on this computer, or another process is already bound to the specified TCP/IP port.

View Msvsmon's help for more information.</Data><Binary>08005E80</Binary></EventData></Event><Event><System><Provider Name="Visual Studio Remote Debugger"/><EventID>1001</EventID><Level>1</Level><Task>0</Task><Keywords>Keywords</Keywords><TimeCreated SystemTime="2025-10-26T10:17:11Z"/><EventRecordID>416136640</EventRecordID><Channel>Application</Channel><Computer>WEBWK00000T</Computer><Security/></System><EventData><Data>Msvsmon was unable to start a server named '127.0.0.1:49358'. The following error occurred: An instance of the remote debugger is already running on this computer, or another process is already bound to the specified TCP/IP port.

View Msvsmon's help for more information.</Data><Binary>08005E80</Binary></EventData></Event><Event><System><Provider Name="W3SVC-WP"/><EventID>2303</EventID><Level>2</Level><Task>0</Task><Keywords>Keywords</Keywords><TimeCreated SystemTime="2025-10-26T10:19:34Z"/><EventRecordID>416279890</EventRecordID><Channel>Application</Channel><Computer>WEBWK00000T</Computer><Security/></System><EventData><Data>gomokuai</Data><Binary>02000780</Binary></EventData></Event><Event><System><Provider Name="W3SVC-WP"/><EventID>2303</EventID><Level>2</Level><Task>0</Task><Keywords>Keywords</Keywords><TimeCreated SystemTime="2025-10-26T10:19:34Z"/><EventRecordID>416279906</EventRecordID><Channel>Application</Channel><Computer>WEBWK00000T</Computer><Security/></System><EventData><Data>gomokuai</Data><Binary>02000780</Binary></EventData></Event></Events>