﻿<?xml version="1.0" encoding="utf-8"?>
<deployment>
  <id>be63445483d2473398a2324fe5f8cd92</id>
  <author>N/A</author>
  <deployer>OneDeploy</deployer>
  <authorEmail>N/A</authorEmail>
  <message>OneDeploy</message>
  <progress></progress>
  <status>Success</status>
  <statusText></statusText>
  <lastSuccessEndTime>2025-10-26T10:06:29.4418693Z</lastSuccessEndTime>
  <receivedTime>2025-10-26T10:06:28.5199621Z</receivedTime>
  <startTime>2025-10-26T10:06:28.7230939Z</startTime>
  <endTime>2025-10-26T10:06:29.4418693Z</endTime>
  <complete>True</complete>
  <is_temp>False</is_temp>
  <is_readonly>True</is_readonly>
  <project_type>Run-From-Zip</project_type>
  <vsproject_id></vsproject_id>
</deployment>