﻿<?xml version="1.0" encoding="utf-8"?>
<deployment>
  <id>3e228f32eef34b62b9b2bbbc278b9472</id>
  <author>N/A</author>
  <deployer>OneDeploy</deployer>
  <authorEmail>N/A</authorEmail>
  <message>OneDeploy</message>
  <progress></progress>
  <status>Success</status>
  <statusText></statusText>
  <lastSuccessEndTime>2025-10-26T10:16:28.9629249Z</lastSuccessEndTime>
  <receivedTime>2025-10-26T10:16:27.977988Z</receivedTime>
  <startTime>2025-10-26T10:16:28.1342362Z</startTime>
  <endTime>2025-10-26T10:16:28.9629249Z</endTime>
  <complete>True</complete>
  <is_temp>False</is_temp>
  <is_readonly>True</is_readonly>
  <project_type>Run-From-Zip</project_type>
  <vsproject_id></vsproject_id>
</deployment>