﻿<?xml version="1.0" encoding="utf-8"?>
<deployment>
  <id>a9660e4f2118434f980fa49d64426f6a</id>
  <author>N/A</author>
  <deployer>OneDeploy</deployer>
  <authorEmail>N/A</authorEmail>
  <message>OneDeploy</message>
  <progress></progress>
  <status>Success</status>
  <statusText></statusText>
  <lastSuccessEndTime>2025-10-26T08:47:02.9416393Z</lastSuccessEndTime>
  <receivedTime>2025-10-26T08:46:52.8454297Z</receivedTime>
  <startTime>2025-10-26T08:46:53.0017379Z</startTime>
  <endTime>2025-10-26T08:47:02.9416393Z</endTime>
  <complete>True</complete>
  <is_temp>False</is_temp>
  <is_readonly>True</is_readonly>
  <project_type>OneDeploy</project_type>
  <vsproject_id></vsproject_id>
</deployment>