{"TimeStamp":"2025-10-26T10:16:29Z","SiteName":"gomokuai","RequestId":"8892a393-9099-44c6-a1c8-69d4f3de0af0","Kind":"OneDeploy","Status":"Success","Details":"{\"Id\":\"3e228f32eef34b62b9b2bbbc278b9472\",\"Status\":4,\"StatusText\":\"\",\"AuthorEmail\":\"N/A\",\"Author\":\"N/A\",\"Message\":\"OneDeploy\",\"Progress\":\"\",\"Deployer\":\"OneDeploy\",\"ReceivedTime\":\"2025-10-26T10:16:27.977988Z\",\"StartTime\":\"2025-10-26T10:16:28.1342362Z\",\"EndTime\":\"2025-10-26T10:16:28.9629249Z\",\"LastSuccessEndTime\":\"2025-10-26T10:16:28.9629249Z\",\"Complete\":true,\"IsTemporary\":false,\"IsReadOnly\":true,\"SiteName\":\"gomokuai\",\"HostName\":\"gomokuai-b7f4fxc7eagkb2gk.scm.southeastasia-01.azurewebsites.net\",\"ProjectType\":\"Run-From-Zip\",\"VsProjectId\":null}"}